taxa,kingdom,phylum,class,order,family,genus,species,common_name,identification_notes,data_resource_name,sighting_date,latitude,longitude,location
Bird,ANIMALIA,CHORDATA,AVES,ANSERIFORMES,ANATIDAE,Anas,castanea,Chestnut Teal,,Participate,2014-11-09,-37.8002,144.9361,"-37.8002, 144.9361"
Bird,ANIMALIA,CHORDATA,AVES,PASSERIFORMES,STURNIDAE,Sturnus,tristis,"Common Myna, Indian Myna",Also known as Acridotheres tristis,Participate,2014-11-11,-37.8094,144.9727,"-37.8094, 144.9727"
Bird,ANIMALIA,CHORDATA,AVES,PASSERIFORMES,STURNIDAE,Sturnus,vulgaris,Common Starling,,Participate,2014-11-06,-37.7886,144.9087,"-37.7886, 144.9087"
Bird,ANIMALIA,CHORDATA,AVES,COLUMBIFORMES,COLUMBIDAE,Ocyphaps,lophotes,Crested Pigeon,,Participate,2014-11-08,-37.7937,144.962,"-37.7937, 144.962"
Bird,ANIMALIA,CHORDATA,AVES,CICONIIFORMES,ARDEIDAE,Ardea,modesta,Eastern Great Egret,,Participate,2014-11-14,-37.7823,144.9429,"-37.7823, 144.9429"
Bird,ANIMALIA,CHORDATA,AVES,ANSERIFORMES,ANATIDAE,Aythya,australis,"Hardhead, White-eyed Duck",,Participate,2014-11-02,-37.7805,144.9398,"-37.7805, 144.9398"
Bird,ANIMALIA,CHORDATA,AVES,PELECANIFORMES,PHALACROCORACIDAE,Phalacrocorax,sulcirostris,Little Black Cormorant,,Participate,2014-11-05,-37.8123,144.9358,"-37.8123, 144.9358"
Bird,ANIMALIA,CHORDATA,AVES,PASSERIFORMES,MELIPHAGIDAE,Anthochaera,chrysoptera,Little Wattlebird,,Twitter,2014-11-01,-37.813,144.9805,"-37.813, 144.9805"
Bird,ANIMALIA,CHORDATA,AVES,PASSERIFORMES,MONARCHIDAE,Grallina,cyanoleuca,Magpie-lark,,Hand written expert,2014-11-14,-37.813,144.9805,"-37.813, 144.9805"
Bird,ANIMALIA,CHORDATA,AVES,PASSERIFORMES,MONARCHIDAE,Grallina,cyanoleuca,Magpie-lark,,Hand written via expert,2014-11-15,-37.7833,144.9441,"-37.7833, 144.9441"
Bird,ANIMALIA,CHORDATA,AVES,GRUIFORMES,RALLIDAE,Porphyrio,porphyrio,Purple Swamphen,,Hand written citizen expert,2014-11-15,-37.8311,144.9105,"-37.8311, 144.9105"
Bird,ANIMALIA,CHORDATA,AVES,PASSERIFORMES,MELIPHAGIDAE,Anthochaera,carunculata,Red Wattlebird,,Hand written via expert,2014-11-14,-37.7911,144.924,"-37.7911, 144.924"
Bird,ANIMALIA,CHORDATA,AVES,PASSERIFORMES,MELIPHAGIDAE,Anthochaera,carunculata,Red Wattlebird,,Participate,2014-11-08,-37.8498,144.9808,"-37.8498, 144.9808"
Bird,ANIMALIA,CHORDATA,AVES,CORACIIFORMES,ALCEDINIDAE,Todiramphus,sanctus,Sacred Kingfisher,,Twitter,2014-10-30,-37.8167,144.9784,"-37.8167, 144.9784"
Cnidaria,ANIMALIA,CNIDARIA,SCYPHOZOA,SEMAEOSTOMEAE,ULMARIDAE,Aurelia,aurita,Moon Jellyfish,,Participate,2014-11-10,-37.8387,144.9066,"-37.8387, 144.9066"
Insect,ANIMALIA,ARTHROPODA,INSECTA,DIPTERA,CALLIPHORIDAE,Calliphora,augur,"Lesser Brown Blowfly, Blue-bodied Blowfly",,Participate,,-37.7918,144.9623,"-37.7918, 144.9623"
Insect,ANIMALIA,ARTHROPODA,INSECTA,LEPIDOPTERA,PIERIDAE,Pieris,rapae,Cabbage White Butterfly,,Hand written via expert,,-37.7911,144.924,"-37.7911, 144.924"
Insect,ANIMALIA,ARTHROPODA,INSECTA,LEPIDOPTERA,PIERIDAE,Pieris,rapae,Cabbage White Butterfly,,Hand written expert,,-37.7919,144.9572,"-37.7919, 144.9572"
Plant,PLANTAE,CHAROPHYTA,EQUISETOPSIDA,SOLANALES,SOLANACEAE,Solanum,nigrum,Black Nightshade,,Hand written via expert,2014-11-16,-37.813,144.9805,"-37.813, 144.9805"
Plant,PLANTAE,CHAROPHYTA,EQUISETOPSIDA,APIALES,ARALIACEAE,Fatsia,japonica,Japanese Aralia,,Hand written via expert,2014-11-14,-37.813,144.9805,"-37.813, 144.9805"
Plant,PLANTAE,CHAROPHYTA,EQUISETOPSIDA,ASPARAGALES,ASPHODELACEAE,Aloe,arborescens,Kranz Aloe,,Hand written via expert,2014-11-14,-37.813,144.9805,"-37.813, 144.9805"
Plant,PLANTAE,CHAROPHYTA,EQUISETOPSIDA,ROSALES,MORACEAE,Ficus,macrophylla,Moreton Bay Fig,,Hand written via expert,2014-11-16,-37.813,144.9805,"-37.813, 144.9805"
Plant,PLANTAE,CHAROPHYTA,EQUISETOPSIDA,ASPARAGALES,ASPARAGACEAE,Cordyline,australis,New Zealand Cabbage Tree,,Hand written via expert,2014-11-16,-37.813,144.9805,"-37.813, 144.9805"
Plant,PLANTAE,CHAROPHYTA,EQUISETOPSIDA,ASPARAGALES,ASPARAGACEAE,Nolina,recurvata,Ponytail Palm,,Hand written via expert,2014-11-14,-37.813,144.9805,"-37.813, 144.9805"
Plant,PLANTAE,CHAROPHYTA,EQUISETOPSIDA,MYRTALES,MYRTACEAE,Lophostemon,confertus,Queensland Brush Box,,Hand written via expert,2014-11-16,-37.813,144.9805,"-37.813, 144.9805"
Plant,PLANTAE,CHAROPHYTA,EQUISETOPSIDA,ARECALES,ARECACEAE,Rhapis,humilis,Reed Rhapis,,Hand written via expert,2014-11-14,-37.813,144.9805,"-37.813, 144.9805"
Plant,PLANTAE,CHAROPHYTA,EQUISETOPSIDA,MYRTALES,MYRTACEAE,Callistemon,sieberi,River Bottlebrush,,Hand written via expert,2014-11-15,-37.7919,144.9572,"-37.7919, 144.9572"
Plant,PLANTAE,CHAROPHYTA,EQUISETOPSIDA,LAMIALES,LAMIACEAE,Plectranthus,argentatus,Silver Spurflower,,Hand written via expert,2014-11-14,-37.7911,144.924,"-37.7911, 144.924"
Plant,PLANTAE,CHAROPHYTA,EQUISETOPSIDA,ASPARAGALES,ORCHIDACEAE,Thelymitra,pauciflora,Slender Sun Orchid,,Participate,2014-11-07,-38.1157,145.1698,"-38.1157, 145.1698"
Plant,PLANTAE,CHAROPHYTA,EQUISETOPSIDA,ASPARAGALES,ASPARAGACEAE,Agave,attenuata,"Soft Leaved Agave, Lion's Tail Agave",,Hand written via expert,2014-11-14,-37.813,144.9805,"-37.813, 144.9805"
Plant,PLANTAE,CHAROPHYTA,EQUISETOPSIDA,CYATHEALES,DICKSONIACEAE,Dicksonia,antarctica,Soft Tree Fern,,Hand written via expert,2014-11-16,-37.813,144.9805,"-37.813, 144.9805"
Plant,PLANTAE,CHAROPHYTA,EQUISETOPSIDA,BRASSICALES,BRASSICACEAE,Raphanus,raphanistrum,Wild Radish,,Hand written via expert,2014-11-15,-37.7919,144.9572,"-37.7919, 144.9572"
Bird,ANIMALIA,CHORDATA,AVES,PASSERIFORMES,TURDIDAE,Turdus,merula,Common Blackbird,,Hand written citizen expert,2014-11-08,-37.8311,144.9105,"-37.8311, 144.9105"
Bird,ANIMALIA,CHORDATA,AVES,COLUMBIFORMES,COLUMBIDAE,Ocyphaps,lophotes,Crested Pigeon,,Participate,2014-11-15,-37.7873,144.9163,"-37.7873, 144.9163"
Bird,ANIMALIA,CHORDATA,AVES,GRUIFORMES,RALLIDAE,Gallinula,tenebrosa,Dusky Moorhen,,Participate,2014-11-10,-37.8303,144.9063,"-37.8303, 144.9063"
Bird,ANIMALIA,CHORDATA,AVES,GRUIFORMES,RALLIDAE,Gallinula,tenebrosa,Dusky Moorhen,,Hand written via expert,2014-11-15,-37.7833,144.9441,"-37.7833, 144.9441"
Bird,ANIMALIA,CHORDATA,AVES,GRUIFORMES,RALLIDAE,Fulica,atra,"Eurasian Coot, Coot",,Participate,2014-11-14,-37.7825,144.9414,"-37.7825, 144.9414"
Bird,ANIMALIA,CHORDATA,AVES,COLUMBIFORMES,COLUMBIDAE,Columba,livia,"Rock Dove, Feral Pigeon",,Participate,2014-11-14,-37.8033,144.9134,"-37.8033, 144.9134"
Bird,ANIMALIA,CHORDATA,AVES,COLUMBIFORMES,COLUMBIDAE,Columba,livia,"Rock Dove, Feral Pigeon",,Hand written expert,2014-11-14,-37.813,144.9805,"-37.813, 144.9805"
Bird,ANIMALIA,CHORDATA,AVES,COLUMBIFORMES,COLUMBIDAE,Columba,livia,"Rock Dove, Feral Pigeon",,Hand written citizen expert,2014-11-14,-37.8311,144.9105,"-37.8311, 144.9105"
Bird,ANIMALIA,CHORDATA,AVES,PASSERIFORMES,MELIPHAGIDAE,Lichenostomus,penicillatus,White Plumed Honeyeater,,Hand written citizen expert,2014-11-14,-37.8311,144.9105,"-37.8311, 144.9105"
Insect,ANIMALIA,ARTHROPODA,INSECTA,COLEOPTERA,CANTHARIDAE,Chauliognathus,lugubris,"Plague Soldier Beetle, Green Soldier Beetle",,Instagram,,-37.813,144.9805,"-37.813, 144.9805"
Insect,ANIMALIA,ARTHROPODA,INSECTA,LEPIDOPTERA,PIERIDAE,Pieris,rapae,Cabbage White Butterfly,,Participate,,-37.8033,144.9126,"-37.8033, 144.9126"
Insect,ANIMALIA,ARTHROPODA,INSECTA,LEPIDOPTERA,NYMPHALIDAE,Vanessa,kershawi,Australian Painted Lady,,Participate,,-37.8293,144.9759,"-37.8293, 144.9759"
Plant,PLANTAE,CHAROPHYTA,EQUISETOPSIDA,ASPARAGALES,ASPARAGACEAE,Yucca,filamentosa,Adam's Needle,,Hand written via expert,2014-11-14,-37.7911,144.924,"-37.7911, 144.924"
Plant,PLANTAE,CHAROPHYTA,EQUISETOPSIDA,POALES,POACEAE,Lolium,rigidum,Annual Ryegrass,,Hand written via expert,2014-11-16,-37.813,144.9805,"-37.813, 144.9805"
Plant,PLANTAE,CHAROPHYTA,EQUISETOPSIDA,ASTERALES,ASTERACEAE,Bartlettina,sordida,Blue Mist Flower,,Hand written via expert,2014-11-14,-37.813,144.9805,"-37.813, 144.9805"
Plant,PLANTAE,CHAROPHYTA,EQUISETOPSIDA,FABALES,FABACEAE,Medicago,polymorpha,Bur Clover,,Participate,2014-11-08,-37.7917,144.9631,"-37.7917, 144.9631"
Plant,PLANTAE,CHAROPHYTA,EQUISETOPSIDA,APIALES,ARALIACEAE,Hedera,helix,English Ivy,,Hand written via expert,2014-11-16,-37.813,144.9805,"-37.813, 144.9805"
Plant,PLANTAE,CHAROPHYTA,EQUISETOPSIDA,CARYOPHYLLALES,CHENOPODIACEAE,Rhagodia,parabolica,Fragrant Saltbush,,Hand written expert,2014-11-15,-37.7919,144.9572,"-37.7919, 144.9572"
Plant,PLANTAE,CHAROPHYTA,EQUISETOPSIDA,GENTIANALES,RUBIACEAE,Luculia,gratissima,Luculia,,Hand written via expert,2014-11-14,-37.813,144.9805,"-37.813, 144.9805"
Plant,PLANTAE,CHAROPHYTA,EQUISETOPSIDA,GENTIANALES,RUBIACEAE,Coprosma,repens,Mirror Bush,,Hand written via expert,2014-11-16,-37.813,144.9805,"-37.813, 144.9805"
Plant,PLANTAE,CHAROPHYTA,EQUISETOPSIDA,MYRTALES,MYRTACEAE,Callistemon,sieberi,River Bottlebrush,,Twitter,2014-11-14,-37.8061,144.9651,"-37.8061, 144.9651"
Plant,PLANTAE,CHAROPHYTA,EQUISETOPSIDA,CARYOPHYLLALES,PLUMBAGINACEAE,Limonium,perezii,Sea Lavender,,Hand written via expert,2014-11-14,-37.813,144.9805,"-37.813, 144.9805"
Plant,PLANTAE,CHAROPHYTA,EQUISETOPSIDA,MALPIGHIALES,VIOLACEAE,Hymenanthera,dentata,Tree Violet,,Hand written via expert,2014-11-15,-37.7919,144.9572,"-37.7919, 144.9572"
Plant,PLANTAE,CHAROPHYTA,EQUISETOPSIDA,ASTERALES,ASTERACEAE,Microseris,lanceolata,Yam Daisy,,Hand written via expert,2014-11-15,-37.7919,144.9572,"-37.7919, 144.9572"
Bird,ANIMALIA,CHORDATA,AVES,PASSERIFORMES,MALURIDAE,Malurus,cyaneus,Superb Fairy-wren,,Participate,2014-11-02,-37.8413,144.9011,"-37.8413, 144.9011"
Bird,ANIMALIA,CHORDATA,AVES,PASSERIFORMES,STURNIDAE,Sturnus,tristis,"Common Myna, Indian Myna",Also known as Acridotheres tristis,Hand written via expert,2014-11-15,-37.7833,144.9441,"-37.7833, 144.9441"
Bird,ANIMALIA,CHORDATA,AVES,CICONIIFORMES,ARDEIDAE,Ardea,modesta,Eastern Great Egret,,Participate,2014-11-15,-37.7823,144.9441,"-37.7823, 144.9441"
Bird,ANIMALIA,CHORDATA,AVES,CICONIIFORMES,ARDEIDAE,Ardea,modesta,Eastern Great Egret,,Participate,2014-11-14,-37.8021,144.9135,"-37.8021, 144.9135"
Bird,ANIMALIA,CHORDATA,AVES,GRUIFORMES,RALLIDAE,Fulica,atra,"Eurasian Coot, Coot",,Twitter,2014-11-17,-37.7833,144.9441,"-37.7833, 144.9441"
Bird,ANIMALIA,CHORDATA,AVES,GRUIFORMES,RALLIDAE,Fulica,atra,"Eurasian Coot, Coot",,Hand written via expert,2014-11-15,-37.7833,144.9441,"-37.7833, 144.9441"
Bird,ANIMALIA,CHORDATA,AVES,NEORNITHES,SULIFORMES,Phalacrocorax,carbo,Great Cormorant,,Participate,2014-11-15,-37.787,144.9172,"-37.787, 144.9172"
Bird,ANIMALIA,CHORDATA,AVES,ANSERIFORMES,ANATIDAE,Aythya,australis,"Hardhead, White-eyed Duck",,Hand written expert,2014-11-15,-37.8311,144.9105,"-37.8311, 144.9105"
Bird,ANIMALIA,CHORDATA,AVES,PELECANIFORMES,PHALACROCORACIDAE,Microcarbo,melanoleucos,Little Pied Cormorant,,Hand written citizen expert,2014-11-15,-37.8311,144.9105,"-37.8311, 144.9105"
Bird,ANIMALIA,CHORDATA,AVES,PASSERIFORMES,MELIPHAGIDAE,Anthochaera,chrysoptera,Little Wattlebird,,Participate,2014-11-14,-37.8018,144.9144,"-37.8018, 144.9144"
Bird,ANIMALIA,CHORDATA,AVES,PASSERIFORMES,MONARCHIDAE,Grallina,cyanoleuca,Magpie-lark,,Participate,2014-11-05,-37.8293,144.9759,"-37.8293, 144.9759"
Bird,ANIMALIA,CHORDATA,AVES,PASSERIFORMES,MONARCHIDAE,Grallina,cyanoleuca,Magpie-lark,,Hand written citizen expert,2014-11-08,-37.8311,144.9105,"-37.8311, 144.9105"
Bird,ANIMALIA,CHORDATA,AVES,PASSERIFORMES,MELIPHAGIDAE,Phylidonyris,novaehollandiae,New Holland Honeyeater,,Participate,2014-11-02,-37.8413,144.9011,"-37.8413, 144.9011"
Bird,ANIMALIA,CHORDATA,AVES,ANSERIFORMES,ANATIDAE,Anas,superciliosa,"Pacific Black Duck, Black Duck",,Participate,2014-11-14,-37.7944,144.9358,"-37.7944, 144.9358"
Bird,ANIMALIA,CHORDATA,AVES,ANSERIFORMES,ANATIDAE,Anas,superciliosa,"Pacific Black Duck, Black Duck",,Hand written citizen expert,2014-11-14,-37.8311,144.9105,"-37.8311, 144.9105"
Bird,ANIMALIA,CHORDATA,AVES,GRUIFORMES,RALLIDAE,Porphyrio,porphyrio,Purple Swamphen,,Twitter,2014-11-14,-37.8311,144.9105,"-37.8311, 144.9105"
Bird,ANIMALIA,CHORDATA,AVES,PSITTACIFORMES,PSITTACIDAE,Trichoglossus,haematodus,Rainbow Lorikeet,,Instagram,2014-11-05,-37.8024,144.9628,"-37.8024, 144.9628"
Bird,ANIMALIA,CHORDATA,AVES,PASSERIFORMES,MELIPHAGIDAE,Anthochaera,carunculata,Red Wattlebird,,Hand written citizen expert,2014-11-14,-37.8311,144.9105,"-37.8311, 144.9105"
Bird,ANIMALIA,CHORDATA,AVES,CHARADRIIFORMES,LARIDAE,Chroicocephalus,novaehollandiae,Silver Gull,,Hand written citizen expert,2014-11-06,-37.8311,144.9105,"-37.8311, 144.9105"
Bird,ANIMALIA,CHORDATA,AVES,COLUMBIFORMES,COLUMBIDAE,Streptopelia,chinensis,Spotted Dove,,Hand written citizen expert,2014-11-14,-37.8311,144.9105,"-37.8311, 144.9105"
Bird,ANIMALIA,CHORDATA,AVES,PASSERIFORMES,PARDALOTIDAE,Pardalotus,punctatus,Spotted Pardalote,,Hand written via expert,2014-11-15,-37.7833,144.9441,"-37.7833, 144.9441"
Bird,ANIMALIA,CHORDATA,AVES,PASSERIFORMES,HIRUNDINIDAE,Hirundo,neoxena,Welcome Swallow,,Hand written citizen expert,2014-11-15,-37.8311,144.9105,"-37.8311, 144.9105"
Insect,ANIMALIA,ARTHROPODA,INSECTA,LEPIDOPTERA,LYCAENIDAE,Zizina,otis,"Common Grass Blue, Grass Blue",Subspecies Zizina otis labradus,Participate,,-37.8293,144.9759,"-37.8293, 144.9759"
Plant,PLANTAE,CHAROPHYTA,EQUISETOPSIDA,POALES,POACEAE,Poa,annua,Annual Meadow Grass,,Hand written via expert,2014-11-16,-37.813,144.9805,"-37.813, 144.9805"
Plant,PLANTAE,CHAROPHYTA,EQUISETOPSIDA,ASTERALES,CAMPANULACEAE,Wahlenbergia,stricta,"Australian Bluebell, Tall Bluebell",,Hand written via expert,2014-11-15,-37.7919,144.9572,"-37.7919, 144.9572"
Plant,PLANTAE,CHAROPHYTA,EQUISETOPSIDA,ARECALES,ARECACEAE,Livistona,australis,Australian Cabbage Palm,,Hand written via expert,2014-11-16,-37.813,144.9805,"-37.813, 144.9805"
Plant,PLANTAE,CHAROPHYTA,EQUISETOPSIDA,LAMIALES,ACANTHACEAE,Acanthus,mollis,"Bear's Breeches, Oyster Plant",,Hand written via expert,2014-11-14,-37.813,144.9805,"-37.813, 144.9805"
Plant,PLANTAE,CHAROPHYTA,EQUISETOPSIDA,ZINGIBERALES,STRELITZIACEAE,Strelitzia,reginae,Bird of Paradise,,Hand written via expert,2014-11-14,-37.813,144.9805,"-37.813, 144.9805"
Plant,PLANTAE,CHAROPHYTA,EQUISETOPSIDA,POALES,POACEAE,Festuca,glauca,Blue Fescue,,Twitter,2014-11-14,-37.8061,144.9651,"-37.8061, 144.9651"
Plant,PLANTAE,CHAROPHYTA,EQUISETOPSIDA,ASTERALES,ASTERACEAE,Arctotheca,calendula,Capeweed,,Participate,2014-10-31,-37.813,144.9802,"-37.813, 144.9802"
Plant,PLANTAE,CHAROPHYTA,EQUISETOPSIDA,POALES,POACEAE,Nassella,neesiana,Chilean Needle Grass,,Hand written via expert,2014-11-15,-37.7919,144.9572,"-37.7919, 144.9572"
Plant,PLANTAE,CHAROPHYTA,EQUISETOPSIDA,ASPARAGALES,ASPARAGACEAE,Arthropodium,strictum,Chocolate Lily,,Hand written via expert,2014-11-15,-37.7919,144.9572,"-37.7919, 144.9572"
Plant,PLANTAE,CHAROPHYTA,EQUISETOPSIDA,CARYOPHYLLALES,AIZOACEAE,Galenia,pubescens,Coastal Galenia,,Hand written via expert,2014-11-15,-37.7919,144.9572,"-37.7919, 144.9572"
Plant,PLANTAE,CHAROPHYTA,EQUISETOPSIDA,CARYOPHYLLALES,AMARANTHACEAE,Atriplex,cinerea,Coastal Saltbush,,Hand written expert,2014-11-15,-37.7919,144.9572,"-37.7919, 144.9572"
Plant,PLANTAE,CHAROPHYTA,EQUISETOPSIDA,FABALES,FABACEAE,Acacia,pycnantha,Golden Wattle,,Hand written via expert,2014-11-15,-37.7919,144.9572,"-37.7919, 144.9572"
Plant,PLANTAE,CHAROPHYTA,EQUISETOPSIDA,MYRTALES,MYRTACEAE,Eucalyptus,serraensis,Grampians Gum,,Hand written expert,2014-11-15,-37.7919,144.9572,"-37.7919, 144.9572"
Plant,PLANTAE,CHAROPHYTA,EQUISETOPSIDA,BRASSICALES,BRASSICACEAE,Cardamine,hirsuta,Hairy bittercress,,Hand written via expert,2014-11-16,-37.813,144.9805,"-37.813, 144.9805"
Plant,PLANTAE,CHAROPHYTA,EQUISETOPSIDA,DIPSACALES,CAPRIFOLIACEAE,Weigela,florida,Weigela,Variegata,Hand written via expert,2014-11-14,-37.813,144.9805,"-37.813, 144.9805"
Bird,ANIMALIA,CHORDATA,AVES,ANSERIFORMES,ANATIDAE,Anas,castanea,Chestnut Teal,,Participate,2014-11-14,-37.8021,144.9135,"-37.8021, 144.9135"
Bird,ANIMALIA,CHORDATA,AVES,PASSERIFORMES,TURDIDAE,Turdus,merula,Common Blackbird,,Participate,2014-10-31,-37.813,144.9802,"-37.813, 144.9802"
Bird,ANIMALIA,CHORDATA,AVES,PASSERIFORMES,STURNIDAE,Sturnus,tristis,"Common Myna, Indian Myna",Also known as Acridotheres tristis,Participate,2014-11-06,-37.7883,144.9087,"-37.7883, 144.9087"
Bird,ANIMALIA,CHORDATA,AVES,PSITTACIFORMES,CACATUIDAE,Eolophus,roseicapillus,Galah,,Hand written via expert,2014-11-15,-37.7833,144.9441,"-37.7833, 144.9441"
Bird,ANIMALIA,CHORDATA,AVES,PELECANIFORMES,PHALACROCORACIDAE,Microcarbo,melanoleucos,Little Pied Cormorant,,Participate,2014-11-15,-37.787,144.9168,"-37.787, 144.9168"
Bird,ANIMALIA,CHORDATA,AVES,PASSERIFORMES,MELIPHAGIDAE,Anthochaera,chrysoptera,Little Wattlebird,,Hand written citizen expert,2014-11-15,-37.8311,144.9105,"-37.8311, 144.9105"
Bird,ANIMALIA,CHORDATA,AVES,PASSERIFORMES,MELIPHAGIDAE,Anthochaera,chrysoptera,Little Wattlebird,,Hand written citizen expert,2014-11-14,-37.8311,144.9105,"-37.8311, 144.9105"
Bird,ANIMALIA,CHORDATA,AVES,PASSERIFORMES,MONARCHIDAE,Grallina,cyanoleuca,Magpie-lark,,Participate,2014-11-15,-37.7865,144.9189,"-37.7865, 144.9189"
Bird,ANIMALIA,CHORDATA,AVES,PASSERIFORMES,HIRUNDINIDAE,Hirundo,neoxena,Welcome Swallow,,Twitter,2014-11-14,-37.8307,144.9103,"-37.8307, 144.9103"
Bird,ANIMALIA,CHORDATA,AVES,PASSERIFORMES,RHIPIDURIDAE,Rhipidura,leucophrys,Willie Wagtail,,Hand written via expert,2014-11-15,-37.7833,144.9441,"-37.7833, 144.9441"
Plant,PLANTAE,CHAROPHYTA,EQUISETOPSIDA,LAMIALES,LAMIACEAE,Nepeta,cataria,Catnip,,Hand written via expert,2014-11-14,-37.7911,144.924,"-37.7911, 144.924"
Plant,PLANTAE,CHAROPHYTA,EQUISETOPSIDA,SAPINDALES,RUTACEAE,Correa,reflexa,Common Correa,,Hand written via expert,2014-11-15,-37.7919,144.9572,"-37.7919, 144.9572"
Plant,PLANTAE,CHAROPHYTA,EQUISETOPSIDA,LAMIALES,OLEACEAE,Olea,europaea,Common Olive,,Hand written via expert,2014-11-14,-37.7911,144.924,"-37.7911, 144.924"
Plant,PLANTAE,CHAROPHYTA,EQUISETOPSIDA,OXALIDALES,OXALIDACEAE,Oxalis,corniculata,Creeping Woodsorrel,,Hand written via expert,2014-11-16,-37.813,144.9805,"-37.813, 144.9805"
Plant,PLANTAE,CHAROPHYTA,EQUISETOPSIDA,ASTERALES,ASTERACEAE,Lactuca,sativa,Cultivated lettuce,,Twitter,2014-11-14,-37.8061,144.9651,"-37.8061, 144.9651"
Plant,PLANTAE,CHAROPHYTA,EQUISETOPSIDA,ASPARAGALES,DORYANTHACEAE,Doryanthes,excelsa,Gymea Lily,,Hand written via expert,2014-11-14,-37.813,144.9805,"-37.813, 144.9805"
Plant,PLANTAE,CHAROPHYTA,EQUISETOPSIDA,FABALES,FABACEAE,Daviesia,latifolia,Hop Bitter-pea,,Hand written via expert,2014-11-15,-37.7919,144.9572,"-37.7919, 144.9572"
Plant,PLANTAE,CHAROPHYTA,EQUISETOPSIDA,APIALES,PITTOSPORACEAE,Pittosporum,tenuifolium,James Stirling Pittosporum,,Hand written via expert,2014-11-16,-37.813,144.9805,"-37.813, 144.9805"
Plant,PLANTAE,CHAROPHYTA,EQUISETOPSIDA,MYRTALES,MYRTACEAE,Eucalyptus,woodwardii,Lemon Flowered Gum,,Hand written via expert,2014-11-15,-37.7919,144.9572,"-37.7919, 144.9572"
Bird,ANIMALIA,CHORDATA,AVES,PODICIPEDIFORMES,PODICIPEDIDAE,Tachybaptus,novaehollandiae,Australasian Grebe,,Hand written via expert,2014-11-15,-37.7833,144.9441,"-37.7833, 144.9441"
Bird,ANIMALIA,CHORDATA,AVES,PODICIPEDIFORMES,PODICIPEDIDAE,Tachybaptus,novaehollandiae,Australasian Grebe,,Hand written not expert,2014-11-10,-37.7826,144.9434,"-37.7826, 144.9434"
Bird,ANIMALIA,CHORDATA,AVES,PASSERIFORMES,CORVIDAE,Corvus,coronoides,Australian Raven,,Hand written via expert,2014-11-14,-37.7911,144.924,"-37.7911, 144.924"
Bird,ANIMALIA,CHORDATA,AVES,ANSERIFORMES,ANATIDAE,Chenonetta,jubata,Australian Wood Duck,,Instagram,2014-11-15,-37.8186,144.9731,"-37.8186, 144.9731"
Bird,ANIMALIA,CHORDATA,AVES,CHARADRIIFORMES,RECURVIROSTRIDAE,Himantopus,himantopus,Black-winged Stilt,,Participate,2014-10-31,-37.8319,144.9087,"-37.8319, 144.9087"
Bird,ANIMALIA,CHORDATA,AVES,ANSERIFORMES,ANATIDAE,Anas,castanea,Chestnut Teal,,Participate,2014-11-15,-37.7873,144.9161,"-37.7873, 144.9161"
Bird,ANIMALIA,CHORDATA,AVES,PASSERIFORMES,TURDIDAE,Turdus,merula,Common Blackbird,,Participate,2014-11-08,-37.7924,144.9642,"-37.7924, 144.9642"
Bird,ANIMALIA,CHORDATA,AVES,PASSERIFORMES,TURDIDAE,Turdus,merula,Common Blackbird,,Hand written expert,2014-11-15,-37.8311,144.9105,"-37.8311, 144.9105"
Bird,ANIMALIA,CHORDATA,AVES,PASSERIFORMES,STURNIDAE,Sturnus,tristis,"Common Myna, Indian Myna",Also known as Acridotheres tristis,Participate,2014-11-08,-37.7944,144.9649,"-37.7944, 144.9649"
Bird,ANIMALIA,CHORDATA,AVES,PASSERIFORMES,STURNIDAE,Sturnus,tristis,"Common Myna, Indian Myna",Also known as Acridotheres tristis,Hand written citizen expert,2014-11-10,-37.8311,144.9105,"-37.8311, 144.9105"
Bird,ANIMALIA,CHORDATA,AVES,GRUIFORMES,RALLIDAE,Gallinula,tenebrosa,Dusky Moorhen,,Hand written citizen expert,2014-11-14,-37.8311,144.9105,"-37.8311, 144.9105"
Bird,ANIMALIA,CHORDATA,AVES,ANSERIFORMES,ANATIDAE,Anas,gracilis,Grey Teal,,Hand written via expert,2014-11-15,-37.7833,144.9441,"-37.7833, 144.9441"
Bird,ANIMALIA,CHORDATA,AVES,PODICIPEDIFORMES,PODICIPEDIDAE,Poliocephalus,poliocephalus,"Hoary-headed Grebe, Dabchick",,Hand written expert,2014-11-15,-37.8311,144.9105,"-37.8311, 144.9105"
Bird,ANIMALIA,CHORDATA,AVES,PELECANIFORMES,PHALACROCORACIDAE,Microcarbo,melanoleucos,Little Pied Cormorant,,Hand written citizen expert,2014-11-03,-37.8311,144.9105,"-37.8311, 144.9105"
Bird,ANIMALIA,CHORDATA,AVES,PASSERIFORMES,MELIPHAGIDAE,Anthochaera,chrysoptera,Little Wattlebird,,Hand written via expert,2014-11-15,-37.7833,144.9441,"-37.7833, 144.9441"
Bird,ANIMALIA,CHORDATA,AVES,PASSERIFORMES,MONARCHIDAE,Grallina,cyanoleuca,Magpie-lark,,Participate,2014-11-14,-37.7826,144.9426,"-37.7826, 144.9426"
Bird,ANIMALIA,CHORDATA,AVES,PASSERIFORMES,MONARCHIDAE,Grallina,cyanoleuca,Magpie-lark,,Hand written not expert,2014-11-11,-37.7828,144.9418,"-37.7828, 144.9418"
Bird,ANIMALIA,CHORDATA,AVES,CICONIIFORMES,ARDEIDAE,Nycticorax,caledonicus,Nankeen Night-heron,,Participate,2014-11-15,-37.7864,144.9185,"-37.7864, 144.9185"
Bird,ANIMALIA,CHORDATA,AVES,PASSERIFORMES,MELIPHAGIDAE,Phylidonyris,novaehollandiae,New Holland Honeyeater,,Participate,2014-11-14,-37.782,144.944,"-37.782, 144.944"
Bird,ANIMALIA,CHORDATA,AVES,PASSERIFORMES,MELIPHAGIDAE,Phylidonyris,novaehollandiae,New Holland Honeyeater,,Hand written via expert,2014-11-15,-37.7833,144.9441,"-37.7833, 144.9441"
Bird,ANIMALIA,CHORDATA,AVES,PASSERIFORMES,ARTAMIDAE,Strepera,graculina,Pied Currawong,,Participate,2014-11-08,-37.8502,144.981,"-37.8502, 144.981"
Bird,ANIMALIA,CHORDATA,AVES,PASSERIFORMES,ARTAMIDAE,Strepera,graculina,Pied Currawong,,Hand written via expert,2014-11-15,-37.7833,144.9441,"-37.7833, 144.9441"
Bird,ANIMALIA,CHORDATA,AVES,PASSERIFORMES,MELIPHAGIDAE,Anthochaera,carunculata,Red Wattlebird,,Participate,2014-11-15,-37.8336,144.9047,"-37.8336, 144.9047"
Bird,ANIMALIA,CHORDATA,AVES,PASSERIFORMES,MELIPHAGIDAE,Anthochaera,carunculata,Red Wattlebird,,Participate,2014-11-03,-37.8292,144.9007,"-37.8292, 144.9007"
Bird,ANIMALIA,CHORDATA,AVES,PASSERIFORMES,MELIPHAGIDAE,Anthochaera,carunculata,Red Wattlebird,,Hand written citizen expert,2014-10-31,-37.8311,144.9105,"-37.8311, 144.9105"
Bird,ANIMALIA,CHORDATA,AVES,PASSERIFORMES,MELIPHAGIDAE,Anthochaera,carunculata,Red Wattlebird,,Hand written citizen expert,2014-11-15,-37.8311,144.9105,"-37.8311, 144.9105"
Bird,ANIMALIA,CHORDATA,AVES,PSITTACIFORMES,PSITTACULIDAE,Psephotus,haematonotus,Red-rumped Parrot,,Twitter,2014-11-17,-37.7833,144.9441,"-37.7833, 144.9441"
Bird,ANIMALIA,CHORDATA,AVES,COLUMBIFORMES,COLUMBIDAE,Columba,livia,"Rock Dove, Feral Pigeon",,Participate,2014-11-11,-37.8044,144.9711,"-37.8044, 144.9711"
Bird,ANIMALIA,CHORDATA,AVES,COLUMBIFORMES,COLUMBIDAE,Columba,livia,"Rock Dove, Feral Pigeon",,Hand written citizen expert,2014-11-06,-37.8311,144.9105,"-37.8311, 144.9105"
Bird,ANIMALIA,CHORDATA,AVES,CHARADRIIFORMES,LARIDAE,Chroicocephalus,novaehollandiae,Silver Gull,,Hand written citizen expert,2014-11-03,-37.8311,144.9105,"-37.8311, 144.9105"
Bird,ANIMALIA,CHORDATA,AVES,CHARADRIIFORMES,LARIDAE,Chroicocephalus,novaehollandiae,Silver Gull,,Hand written via expert,2014-11-15,-37.7833,144.9441,"-37.7833, 144.9441"
Bird,ANIMALIA,CHORDATA,AVES,COLUMBIFORMES,COLUMBIDAE,Streptopelia,chinensis,Spotted Dove,,Hand written citizen expert,2014-11-15,-37.8311,144.9105,"-37.8311, 144.9105"
Bird,ANIMALIA,CHORDATA,AVES,COLUMBIFORMES,COLUMBIDAE,Streptopelia,chinensis,Spotted Dove,,Hand written via expert,2014-11-15,-37.7833,144.9441,"-37.7833, 144.9441"
Bird,ANIMALIA,CHORDATA,AVES,PASSERIFORMES,ACANTHIZIDAE,Sericornis,frontalis,White-browed Scrubwren,,Instagram,2014-11-16,-37.8146,144.9796,"-37.8146, 144.9796"
Fish,ANIMALIA,CHORDATA,ACTINOPTERYGII,PERCIFORMES,ELEOTRIDAE,Hypseleotris,klunzingeri,Western Carp Gudgeon,,Participate,2014-11-10,-37.8387,144.9066,"-37.8387, 144.9066"
Insect,ANIMALIA,ARTHROPODA,INSECTA,HYMENOPTERA,APIDAE,Apis,mellifera,European Honey Bee,,Hand written expert,,-37.813,144.9805,"-37.813, 144.9805"
Insect,ANIMALIA,ARTHROPODA,INSECTA,HEMIPTERA,REDUVIIDAE,Gminatus,australis,Orange Assassin Bug,,Participate,,-37.813,144.9802,"-37.813, 144.9802"
Insect,ANIMALIA,ARTHROPODA,INSECTA,COLEOPTERA,COCCINELLIDAE,Harmonia,conformis,Common Spotted Ladybird,,Participate,,-37.7994,144.9736,"-37.7994, 144.9736"
Insect,ANIMALIA,ARTHROPODA,INSECTA,ODONATA,CORDULIIDAE,Hemicordulia,tau,Tau Emerald,,Twitter,,-37.8019,144.9722,"-37.8019, 144.9722"
Insect,ANIMALIA,ARTHROPODA,INSECTA,ODONATA,COENAGRIONIDAE,Ischnura,heterosticta,Common Bluetail,,Participate,,-37.8305,144.9062,"-37.8305, 144.9062"
Insect,ANIMALIA,ARTHROPODA,INSECTA,LEPIDOPTERA,LYMANTRIIDAE,Orgyia,anartoides,Painted Apple Moth,,Twitter,,-37.813,144.9805,"-37.813, 144.9805"
Insect,ANIMALIA,ARTHROPODA,INSECTA,LEPIDOPTERA,NOCTUIDAE,Persectania,ewingii,Southern Armyworm,,Participate,,-37.8293,144.9759,"-37.8293, 144.9759"
Insect,ANIMALIA,ARTHROPODA,INSECTA,LEPIDOPTERA,PIERIDAE,Pieris,rapae,Cabbage White Butterfly,,Participate,,-37.8386,144.9066,"-37.8386, 144.9066"
Insect,ANIMALIA,ARTHROPODA,INSECTA,LEPIDOPTERA,PIERIDAE,Pieris,rapae,Cabbage White Butterfly,,Participate,,-37.8293,144.9759,"-37.8293, 144.9759"
Insect,ANIMALIA,ARTHROPODA,INSECTA,LEPIDOPTERA,NOCTUIDAE,Trichoplusia,ni,Cabbage Looper,,Participate,,-37.7931,144.9643,"-37.7931, 144.9643"
Plant,PLANTAE,CHAROPHYTA,EQUISETOPSIDA,ASPARAGALES,ASPARAGACEAE,Agave,americana,"American Agave, Century Plant",Variegata',Hand written via expert,2014-11-16,-37.813,144.9805,"-37.813, 144.9805"
Plant,PLANTAE,CHAROPHYTA,EQUISETOPSIDA,ROSALES,ULMACEAE,Ulmus,americana,American Elm,,Hand written via expert,2014-11-16,-37.813,144.9805,"-37.813, 144.9805"
Plant,PLANTAE,CHAROPHYTA,EQUISETOPSIDA,POALES,POACEAE,Ehrharta,longiflora,Annual Veldt Grass,,Hand written via expert,2014-11-15,-37.7919,144.9572,"-37.7919, 144.9572"
Plant,PLANTAE,CHAROPHYTA,EQUISETOPSIDA,ASTERALES,CAMPANULACEAE,Wahlenbergia,stricta,"Australian Bluebell, Tall Bluebell",,Hand written via expert,2014-11-14,-37.7911,144.924,"-37.7911, 144.924"
Plant,PLANTAE,CHAROPHYTA,EQUISETOPSIDA,CARYOPHYLLALES,POLYGONACEAE,Rumex,obtusifolius,Bitter Dock,,Participate,2014-10-31,-37.813,144.9802,"-37.813, 144.9802"
Plant,PLANTAE,CHAROPHYTA,EQUISETOPSIDA,COMMELINALES,HAEMODORACEAE,Wachendorfia,thyrsiflora,Bloodroot,,Hand written via expert,2014-11-14,-37.813,144.9805,"-37.813, 144.9805"
Plant,PLANTAE,CHAROPHYTA,EQUISETOPSIDA,ASTERALES,ASTERACEAE,Senecio,mandraliscae,Blue Chalk Sticks,,Hand written via expert,2014-11-16,-37.813,144.9805,"-37.813, 144.9805"
Plant,PLANTAE,CHAROPHYTA,EQUISETOPSIDA,ASPARAGALES,ASPHODELACEAE,Bulbine,bulbosa,Bulbine Lily,,Hand written expert,2014-11-15,-37.7919,144.9572,"-37.7919, 144.9572"
Plant,PLANTAE,CHAROPHYTA,EQUISETOPSIDA,ASPARAGALES,ASPHODELACEAE,Bulbine,bulbosa,Bulbine Lily,,Hand written via expert,2014-11-15,-37.7919,144.9572,"-37.7919, 144.9572"
Plant,PLANTAE,CHAROPHYTA,EQUISETOPSIDA,MYRTALES,MYRTACEAE,Eucalyptus,lehmannii,Bushy Yate,,Hand written via expert,2014-11-15,-37.7919,144.9572,"-37.7919, 144.9572"
Plant,PLANTAE,CHAROPHYTA,EQUISETOPSIDA,ASTERALES,ASTERACEAE,Chrysocephalum,semipapposum,Clustered Everlasting,,Hand written expert,2014-11-15,-37.7914,144.9566,"-37.7914, 144.9566"
Plant,PLANTAE,CHAROPHYTA,EQUISETOPSIDA,POALES,POACEAE,Elymus,repens,Common Couch Grass,,Participate,2014-11-02,-37.8413,144.9011,"-37.8413, 144.9011"
Plant,PLANTAE,CHAROPHYTA,EQUISETOPSIDA,POALES,POACEAE,Poa,labillardieri,Common Tussock Grass,,Hand written via expert,2014-11-15,-37.7919,144.9572,"-37.7919, 144.9572"
Plant,PLANTAE,CHAROPHYTA,EQUISETOPSIDA,ASTERALES,ASTERACEAE,Bellis,perennis,English Daisy,,Participate,2014-10-31,-37.813,144.9802,"-37.813, 144.9802"
Plant,PLANTAE,CHAROPHYTA,EQUISETOPSIDA,ASTERALES,ASTERACEAE,Senecio,quadridentatus,Cotton Fireweed,,Hand written via expert,2014-11-15,-37.7919,144.9572,"-37.7919, 144.9572"
Plant,PLANTAE,CHAROPHYTA,EQUISETOPSIDA,AQUIFOLIALES,AQUIFOLIACEAE,Ilex,aquifolium,European Holly,,Hand written via expert,2014-11-16,-37.813,144.9805,"-37.813, 144.9805"
Plant,PLANTAE,CHAROPHYTA,EQUISETOPSIDA,ASTERALES,ASTERACEAE,Hypochaeris,radicata,Flatweed,,Hand written via expert,2014-11-15,-37.7919,144.9572,"-37.7919, 144.9572"
Plant,PLANTAE,CHAROPHYTA,EQUISETOPSIDA,ASTERALES,ASTERACEAE,Euryops,pectinatus,Grey-leaved Euryops,,Hand written via expert,2014-11-14,-37.813,144.9805,"-37.813, 144.9805"
Plant,PLANTAE,CHAROPHYTA,EQUISETOPSIDA,PINALES,CUPRESSACEAE,Cupressus,sempervirens,Italian Cypress,,Hand written via expert,2014-11-16,-37.813,144.9805,"-37.813, 144.9805"
Plant,PLANTAE,CHAROPHYTA,EQUISETOPSIDA,APIALES,PITTOSPORACEAE,Pittosporum,tobira,Japanese Pittosporum,,Hand written via expert,2014-11-16,-37.813,144.9805,"-37.813, 144.9805"
Plant,PLANTAE,CHAROPHYTA,EQUISETOPSIDA,RANUNCULALES,BERBERIDACEAE,Nandina,domestica,Japanese Sacred Bamboo,,Hand written via expert,2014-11-16,-37.813,144.9805,"-37.813, 144.9805"
Plant,PLANTAE,CHAROPHYTA,EQUISETOPSIDA,ZINGIBERALES,ZINGIBERACEAE,Hedychium,gardnerianum,Kahili Ginger,,Hand written via expert,2014-11-14,-37.813,144.9805,"-37.813, 144.9805"
Plant,PLANTAE,CHAROPHYTA,EQUISETOPSIDA,MYRTALES,MYRTACEAE,Kunzea,ericoides,"Kanuka, White tea-tree",,Hand written expert,2014-11-15,-37.7914,144.9566,"-37.7914, 144.9566"
Plant,PLANTAE,CHAROPHYTA,EQUISETOPSIDA,POALES,POACEAE,Dichelachne,crinita,Long-hair Plume-grass,,Hand written via expert,2014-11-16,-37.7833,144.9441,"-37.7833, 144.9441"
Plant,PLANTAE,CHAROPHYTA,EQUISETOPSIDA,MALPIGHIALES,LINACEAE,Linum,marginale,"Native Flax, Australian Flax",,Hand written expert,2014-11-15,-37.7919,144.9572,"-37.7919, 144.9572"
Plant,PLANTAE,CHAROPHYTA,EQUISETOPSIDA,POALES,POACEAE,Setaria,palmifolia,Palm Grass,,Hand written via expert,2014-11-14,-37.813,144.9805,"-37.813, 144.9805"
Plant,PLANTAE,CHAROPHYTA,EQUISETOPSIDA,POALES,CYPERACEAE,Cyperus,papyrus,Papyrus Sedge,,Hand written via expert,2014-11-16,-37.813,144.9805,"-37.813, 144.9805"
Plant,PLANTAE,CHAROPHYTA,EQUISETOPSIDA,ASPARAGALES,ASPARAGACEAE,Arthropodium,cirratum,"Renga Lily, New Zealand Rock Lily",,Hand written via expert,2014-11-16,-37.813,144.9805,"-37.813, 144.9805"
Plant,PLANTAE,CHAROPHYTA,EQUISETOPSIDA,ARECALES,ARECACEAE,Phoenix,reclinata,Senegal Date Palm,,Hand written via expert,2014-11-14,-37.813,144.9805,"-37.813, 144.9805"
Plant,PLANTAE,CHAROPHYTA,EQUISETOPSIDA,ASTERALES,ASTERACEAE,Cirsium,vulgare,Spear Thistle,,Hand written via expert,2014-11-16,-37.813,144.9805,"-37.813, 144.9805"
Plant,PLANTAE,CHAROPHYTA,EQUISETOPSIDA,ASPARAGALES,ASPARAGACEAE,Chlorophytum,comosum,Spider Plant,,Hand written via expert,2014-11-14,-37.813,144.9805,"-37.813, 144.9805"
Plant,PLANTAE,CHAROPHYTA,EQUISETOPSIDA,MYRTALES,MYRTACEAE,Corymbia,maculata,Spotted Gum,,Hand written expert,2014-11-15,-37.7919,144.9572,"-37.7919, 144.9572"
Plant,PLANTAE,CHAROPHYTA,EQUISETOPSIDA,LAMIALES,SCROPHULARIACEAE,Myoporum,viscosum,Sticky Boobialla,,Hand written via expert,2014-11-15,-37.7919,144.9572,"-37.7919, 144.9572"
Plant,PLANTAE,CHAROPHYTA,EQUISETOPSIDA,MYRTALES,MYRTACEAE,Eucalyptus,cladocalyx,Sugar Gum,,Hand written expert,2014-11-15,-37.7919,144.9572,"-37.7919, 144.9572"
Plant,PLANTAE,CHAROPHYTA,EQUISETOPSIDA,APIALES,PITTOSPORACEAE,Pittosporum,undulatum,Sweet Pittosporum,,Hand written via expert,2014-11-16,-37.813,144.9805,"-37.813, 144.9805"
Plant,PLANTAE,CHAROPHYTA,EQUISETOPSIDA,CARYOPHYLLALES,TAMARICACEAE,Tamarix,parviflora,Tamarisk,,Hand written via expert,2014-11-14,-37.7911,144.924,"-37.7911, 144.924"
Plant,PLANTAE,CHAROPHYTA,EQUISETOPSIDA,ROSALES,ELAEAGNACEAE,Elaeagnus,pungens,Thorny Elaeagnus,,Hand written via expert,2014-11-14,-37.813,144.9805,"-37.813, 144.9805"
Plant,PLANTAE,CHAROPHYTA,EQUISETOPSIDA,LAMIALES,LAMIACEAE,Lavandula,stoechas,Topped lavender,'Avonview',Hand written via expert,2014-11-14,-37.7911,144.924,"-37.7911, 144.924"
Plant,PLANTAE,CHAROPHYTA,EQUISETOPSIDA,APIALES,ARALIACEAE,Schefflera,actinophylla,Umbrella Tree,,Hand written via expert,2014-11-14,-37.813,144.9805,"-37.813, 144.9805"
Plant,PLANTAE,CHAROPHYTA,EQUISETOPSIDA,GERANIALES,GERANIACEAE,Pelargonium,,,,Hand written via expert,2014-11-14,-37.813,144.9805,"-37.813, 144.9805"
Bird,ANIMALIA,CHORDATA,AVES,PODICIPEDIFORMES,PODICIPEDIDAE,Tachybaptus,novaehollandiae,Australasian Grebe,,Participate,2014-11-13,-37.8,144.9359,"-37.8, 144.9359"
Bird,ANIMALIA,CHORDATA,AVES,PASSERIFORMES,ARTAMIDAE,Cracticus,tibicen,Australian Magpie,Also known as Gymnorhina tibicen,Hand written citizen expert,2014-11-15,-37.8311,144.9105,"-37.8311, 144.9105"
Bird,ANIMALIA,CHORDATA,AVES,ANSERIFORMES,ANATIDAE,Chenonetta,jubata,Australian Wood Duck,,Hand written expert,2014-11-14,-37.813,144.9805,"-37.813, 144.9805"
Bird,ANIMALIA,CHORDATA,AVES,ANSERIFORMES,ANATIDAE,Chenonetta,jubata,Australian Wood Duck,,Hand written expert,2014-11-15,-37.7914,144.9566,"-37.7914, 144.9566"
Bird,ANIMALIA,CHORDATA,AVES,GALLIFORMES,ODONTOPHORIDAE,Callipepla,californica,California Quail,,Participate,2014-11-01,-37.9396,144.6737,"-37.9396, 144.6737"
Bird,ANIMALIA,CHORDATA,AVES,ANSERIFORMES,ANATIDAE,Anas,castanea,Chestnut Teal,,Twitter,2014-11-17,-37.7833,144.9441,"-37.7833, 144.9441"
Bird,ANIMALIA,CHORDATA,AVES,PSITTACIFORMES,PSITTACIDAE,Trichoglossus,haematodus,Rainbow Lorikeet,,Twitter,2014-11-05,-37.8023,144.9633,"-37.8023, 144.9633"
Bird,ANIMALIA,CHORDATA,AVES,CHARADRIIFORMES,LARIDAE,Chroicocephalus,novaehollandiae,Silver Gull,,Participate,2014-11-03,-37.8293,144.9008,"-37.8293, 144.9008"
Bird,ANIMALIA,CHORDATA,AVES,CHARADRIIFORMES,LARIDAE,Chroicocephalus,novaehollandiae,Silver Gull,,Participate,2014-11-14,-37.7894,144.937,"-37.7894, 144.937"
Bird,ANIMALIA,CHORDATA,AVES,PASSERIFORMES,MELIPHAGIDAE,Lichenostomus,penicillatus,White Plumed Honeyeater,,Hand written citizen expert,2014-11-10,-37.8311,144.9105,"-37.8311, 144.9105"
Bird,ANIMALIA,CHORDATA,AVES,PASSERIFORMES,RHIPIDURIDAE,Rhipidura,leucophrys,Willie Wagtail,,Participate,2014-11-10,-37.8303,144.9063,"-37.8303, 144.9063"
Insect,ANIMALIA,ARTHROPODA,INSECTA,LEPIDOPTERA,CRAMBIDAE,Hednota,grammellus,,Snout Moth,Participate,,-37.7952,144.9647,"-37.7952, 144.9647"
Insect,ANIMALIA,ARTHROPODA,INSECTA,DERMAPTERA,LABIDURIDAE,Labidura,truncata,Australian Brown Earwig,,Hand written expert,,-37.8311,144.9105,"-37.8311, 144.9105"
Insect,ANIMALIA,ARTHROPODA,INSECTA,LEPIDOPTERA,PIERIDAE,Pieris,rapae,Cabbage White Butterfly,,Participate,,-37.8154,144.9358,"-37.8154, 144.9358"
Insect,ANIMALIA,ARTHROPODA,INSECTA,LEPIDOPTERA,NYMPHALIDAE,Vanessa,kershawi,Australian Painted Lady,,Hand written expert,,-37.813,144.9805,"-37.813, 144.9805"
Insect,ANIMALIA,ARTHROPODA,INSECTA,LEPIDOPTERA,LYCAENIDAE,Zizina,otis,"Common Grass Blue, Grass Blue",Subspecies Zizina otis labradus,Participate,,-37.85,144.9808,"-37.85, 144.9808"
Insect,ANIMALIA,ARTHROPODA,INSECTA,DIPTERA,,,,,,Instagram,,-37.8147,144.9803,"-37.8147, 144.9803"
Plant,PLANTAE,CHAROPHYTA,EQUISETOPSIDA,RANUNCULALES,BERBERIDACEAE,Nandina,domestica,Japanese Sacred Bamboo,,Hand written via expert,2014-11-14,-37.813,144.9805,"-37.813, 144.9805"
Plant,PLANTAE,CHAROPHYTA,EQUISETOPSIDA,ROSALES,ROSACEAE,Rosa,banksiae,Lady Banks Rose,var normalis 'Lutea',Hand written via expert,2014-11-14,-37.7911,144.924,"-37.7911, 144.924"
Plant,PLANTAE,CHAROPHYTA,EQUISETOPSIDA,FABALES,FABACEAE,Acacia,implexa,"Lightwood, Hickory Wattle",,Hand written via expert,2014-11-15,-37.7919,144.9572,"-37.7919, 144.9572"
Plant,PLANTAE,CHAROPHYTA,EQUISETOPSIDA,MALVALES,MALVACEAE,Tilia,cordata,Little-leaf Linden,,Hand written via expert,2014-11-14,-37.813,144.9805,"-37.813, 144.9805"
Plant,PLANTAE,CHAROPHYTA,EQUISETOPSIDA,ASPARAGALES,ASPARAGACEAE,Beschorneria,yuccoides,Mexican Lily,,Hand written via expert,2014-11-14,-37.813,144.9805,"-37.813, 144.9805"
Plant,PLANTAE,CHAROPHYTA,EQUISETOPSIDA,GENTIANALES,APOCYNACEAE,Araujira,sericifera,Moth Vine,,Hand written expert,2014-11-15,-37.7919,144.9572,"-37.7919, 144.9572"
Plant,PLANTAE,CHAROPHYTA,EQUISETOPSIDA,SAXIFRAGALES,CRASSULACEAE,Cotyledon,orbiculata,Pig's Ear,,Hand written via expert,2014-11-14,-37.813,144.9805,"-37.813, 144.9805"
Plant,PLANTAE,CHAROPHYTA,EQUISETOPSIDA,ROSALES,ROSACEAE,Malus,ioensis,Plena Crab Apple,Plena',Twitter,2014-11-14,-37.8061,144.9651,"-37.8061, 144.9651"
Plant,PLANTAE,CHAROPHYTA,EQUISETOPSIDA,MYRTALES,MYRTACEAE,Lophostemon,confertus,Queensland Brush Box,,Hand written via expert,2014-11-14,-37.7911,144.924,"-37.7911, 144.924"
Plant,PLANTAE,CHAROPHYTA,EQUISETOPSIDA,POALES,POACEAE,Bothriochloa,macra,Red Grass,,Twitter,2014-11-14,-37.8061,144.9651,"-37.8061, 144.9651"
Plant,PLANTAE,CHAROPHYTA,EQUISETOPSIDA,MYRTALES,MYRTACEAE,Eucalyptus,camaldulensis,River Red Gum,,Hand written expert,2014-11-15,-37.7919,144.9572,"-37.7919, 144.9572"
Plant,PLANTAE,CHAROPHYTA,EQUISETOPSIDA,PROTEALES,PROTEACEAE,Grevillea,robusta,Silky Oak,,Hand written via expert,2014-11-16,-37.813,144.9805,"-37.813, 144.9805"
Plant,PLANTAE,CHAROPHYTA,EQUISETOPSIDA,FABALES,FABACEAE,Acacia,dealbata,Silver Wattle,,Hand written via expert,2014-11-15,-37.7919,144.9572,"-37.7919, 144.9572"
Plant,PLANTAE,CHAROPHYTA,EQUISETOPSIDA,MYRTALES,MYRTACEAE,Corymbia,maculata,Spotted Gum,,Hand written expert,2014-11-14,-37.813,144.9805,"-37.813, 144.9805"
Plant,PLANTAE,CHAROPHYTA,EQUISETOPSIDA,POALES,POACEAE,Danthonia,setacea,Wallaby Grass,,Twitter,2014-11-17,-37.7833,144.9441,"-37.7833, 144.9441"
Plant,PLANTAE,CHAROPHYTA,EQUISETOPSIDA,COMMELINALES,COMMELINACEAE,Tradescantia,fluminensis,Wandering Creeper,,Participate,2014-11-14,-37.7945,144.9359,"-37.7945, 144.9359"
Plant,PLANTAE,CHAROPHYTA,EQUISETOPSIDA,CUCURBITALES,BEGONIACEAE,Begonia,semperflorens,Wax Begonia,,Hand written via expert,2014-11-14,-37.813,144.9805,"-37.813, 144.9805"
Plant,PLANTAE,CHAROPHYTA,EQUISETOPSIDA,FABALES,FABACEAE,Trifolium,repens,White Clover,,Hand written via expert,2014-11-16,-37.813,144.9805,"-37.813, 144.9805"
Plant,PLANTAE,CHAROPHYTA,EQUISETOPSIDA,ASTERALES,ASTERACEAE,Erigeron,karvinskianus,,,Hand written via expert,2014-11-14,-37.813,144.9805,"-37.813, 144.9805"
Bird,ANIMALIA,CHORDATA,AVES,CHARADRIIFORMES,LARIDAE,Chroicocephalus,novaehollandiae,Silver Gull,,Participate,2014-11-05,-37.8123,144.9358,"-37.8123, 144.9358"
Bird,ANIMALIA,CHORDATA,AVES,PASSERIFORMES,RHIPIDURIDAE,Rhipidura,leucophrys,Willie Wagtail,,Hand written citizen expert,2014-11-10,-37.8311,144.9105,"-37.8311, 144.9105"
Crustacean,ANIMALIA,ARTHROPODA,MALACOSTRACA,SESSILIA,BALANIDAE,Balanus,variegatus,Acorn Barnacle,,Participate,2014-11-03,-37.8158,144.9394,"-37.8158, 144.9394"
Insect,ANIMALIA,ARTHROPODA,INSECTA,HYMENOPTERA,ICHNEUMONIDAE,Ichneumon,,,Ichneumon Wasps,Participate,,-37.813,144.9802,"-37.813, 144.9802"
Insect,ANIMALIA,ARTHROPODA,INSECTA,DIPTERA,MUSCIDAE,Musca,domestica,House Fly,,Participate,,-37.813,144.9802,"-37.813, 144.9802"
Plant,PLANTAE,CHAROPHYTA,EQUISETOPSIDA,SAXIFRAGALES,CRASSULACEAE,Crassula,sieberiana,Australian Stonecrop,,Hand written via expert,2014-11-15,-37.7919,144.9572,"-37.7919, 144.9572"
Plant,PLANTAE,CHAROPHYTA,EQUISETOPSIDA,LAMIALES,ACANTHACEAE,Acanthus,mollis,"Bear's Breeches, Oyster Plant",,Hand written via expert,2014-11-16,-37.813,144.9805,"-37.813, 144.9805"
Plant,PLANTAE,CHAROPHYTA,EQUISETOPSIDA,MALVALES,MALVACEAE,Abutilon,x hybridum,Chinese Lantern,,Hand written via expert,2014-11-14,-37.813,144.9805,"-37.813, 144.9805"
Plant,PLANTAE,CHAROPHYTA,EQUISETOPSIDA,APIALES,ARALIACEAE,Tetrapanax,papyrifer,Chinese Rice-paper Plant,,Hand written via expert,2014-11-14,-37.813,144.9805,"-37.813, 144.9805"
Plant,PLANTAE,CHAROPHYTA,EQUISETOPSIDA,POALES,POACEAE,Elymus,repens,Common Couch Grass,,Participate,2014-11-05,-37.8123,144.9358,"-37.8123, 144.9358"
Plant,PLANTAE,CHAROPHYTA,EQUISETOPSIDA,ASTERALES,ASTERACEAE,Chrysocephalum,apiculatum,"Common Everlasting, Yellow Buttons",,Hand written expert,2014-11-15,-37.7919,144.9572,"-37.7919, 144.9572"
Plant,PLANTAE,CHAROPHYTA,EQUISETOPSIDA,MYRTALES,MYRTACEAE,Syzygium,smithii,Common Lilly Pilly,Formerly known as Acmena smithii,Hand written via expert,2014-11-16,-37.813,144.9805,"-37.813, 144.9805"
Plant,PLANTAE,CHAROPHYTA,EQUISETOPSIDA,POALES,POACEAE,Cynodon,dactylon,Couch Grass,,Hand written via expert,2014-11-16,-37.813,144.9805,"-37.813, 144.9805"
Plant,PLANTAE,CHAROPHYTA,EQUISETOPSIDA,CARYOPHYLLALES,AMARANTHACEAE,Atriplex,semibaccata,Creeping saltbush,,Hand written via expert,2014-11-15,-37.7919,144.9572,"-37.7919, 144.9572"
Plant,PLANTAE,CHAROPHYTA,EQUISETOPSIDA,LAMIALES,OLEACEAE,Fraxinus,angustifolia,Desert Ash,,Hand written via expert,2014-11-16,-37.813,144.9805,"-37.813, 144.9805"
Plant,PLANTAE,CHAROPHYTA,EQUISETOPSIDA,ARECALES,ARECACEAE,Chamaerops,humilis,"European Fan Palm, Dwarf Fan Palm",,Hand written via expert,2014-11-14,-37.813,144.9805,"-37.813, 144.9805"
Plant,PLANTAE,CHAROPHYTA,EQUISETOPSIDA,ASPARAGALES,DORYANTHACEAE,Doryanthes,excelsa,Gymea Lily,,Hand written expert,2014-11-15,-37.7919,144.9572,"-37.7919, 144.9572"
Plant,PLANTAE,CHAROPHYTA,EQUISETOPSIDA,ASPARAGALES,DORYANTHACEAE,Doryanthes,excelsa,Gymea Lily,,Hand written via expert,2014-11-16,-37.813,144.9805,"-37.813, 144.9805"
Plant,PLANTAE,CHAROPHYTA,EQUISETOPSIDA,ASTERALES,GOODENIACEAE,Goodenia,ovata,Hop Goodenia,,Hand written via expert,2014-11-15,-37.7919,144.9572,"-37.7919, 144.9572"
Plant,PLANTAE,CHAROPHYTA,EQUISETOPSIDA,SAXIFRAGALES,CRASSULACEAE,Crassula,ovata,Jade Plant,,Hand written via expert,2014-11-14,-37.813,144.9805,"-37.813, 144.9805"
Plant,PLANTAE,CHAROPHYTA,EQUISETOPSIDA,ARECALES,ARECACEAE,Butia,capitata,Jelly Palm,,Hand written via expert,2014-11-14,-37.813,144.9805,"-37.813, 144.9805"
Plant,PLANTAE,CHAROPHYTA,EQUISETOPSIDA,POALES,POACEAE,Dichelachne,crinita,Long-hair Plume-grass,,Hand written via expert,2014-11-15,-37.7919,144.9572,"-37.7919, 144.9572"
Plant,PLANTAE,CHAROPHYTA,EQUISETOPSIDA,CARYOPHYLLALES,POLYGONACEAE,Muehlenbeckia,complexa,Maidenhair Vine,,Twitter,2014-11-14,-37.8061,144.9651,"-37.8061, 144.9651"
Plant,PLANTAE,CHAROPHYTA,EQUISETOPSIDA,MALPIGHIALES,EUPHORBIACEAE,Euphorbia,characias,Mediterranean Spurge,,Hand written via expert,2014-11-14,-37.813,144.9805,"-37.813, 144.9805"
Plant,PLANTAE,CHAROPHYTA,EQUISETOPSIDA,LAMIALES,LAMIACEAE,Salvia,leucantha,Mexican Bush Sage,,Hand written via expert,2014-11-14,-37.813,144.9805,"-37.813, 144.9805"
Plant,PLANTAE,CHAROPHYTA,EQUISETOPSIDA,GENTIANALES,APOCYNACEAE,Nerium,oleander,Oleander,,Twitter,2014-11-14,-37.8061,144.9651,"-37.8061, 144.9651"
Plant,PLANTAE,CHAROPHYTA,EQUISETOPSIDA,GENTIANALES,APOCYNACEAE,Nerium,oleander,Oleander,,Hand written via expert,2014-11-14,-37.813,144.9805,"-37.813, 144.9805"
Plant,PLANTAE,CHAROPHYTA,EQUISETOPSIDA,POALES,POACEAE,Ehrharta,erecta,Panic Veldt Grass,,Hand written via expert,2014-11-16,-37.813,144.9805,"-37.813, 144.9805"
Plant,PLANTAE,CHAROPHYTA,EQUISETOPSIDA,SAXIFRAGALES,HAMAMELIDACEAE,Disanthus,cercidifolius,Redbud Hazel,,Hand written via expert,2014-11-14,-37.813,144.9805,"-37.813, 144.9805"
Plant,PLANTAE,CHAROPHYTA,EQUISETOPSIDA,MYRTALES,MYRTACEAE,Callistemon,sieberi,River Bottlebrush,,Hand written via expert,2014-11-14,-37.7911,144.924,"-37.7911, 144.924"
Plant,PLANTAE,CHAROPHYTA,EQUISETOPSIDA,MYRTALES,MYRTACEAE,Eucalyptus,camaldulensis,River Red Gum,,Hand written via expert,2014-11-15,-37.7919,144.9572,"-37.7919, 144.9572"
Plant,PLANTAE,CHAROPHYTA,EQUISETOPSIDA,FABALES,FABACEAE,Desmodium,gunnii,Slender Tick-trefoil,,Twitter,2014-11-14,-37.8061,144.9651,"-37.8061, 144.9651"
Plant,PLANTAE,CHAROPHYTA,EQUISETOPSIDA,APIALES,PITTOSPORACEAE,Pittosporum,undulatum,Sweet Pittosporum,,Hand written via expert,2014-11-14,-37.7911,144.924,"-37.7911, 144.924"
Plant,PLANTAE,CHAROPHYTA,EQUISETOPSIDA,POALES,POACEAE,Austrostipa,rudis,Veined Spear-grass,,Twitter,2014-11-14,-37.8061,144.9651,"-37.8061, 144.9651"
Plant,PLANTAE,CHAROPHYTA,EQUISETOPSIDA,ASTERALES,ASTERACEAE,Artemisia,absinthium,Wormwood,,Hand written via expert,2014-11-16,-37.813,144.9805,"-37.813, 144.9805"
Plant,PLANTAE,CHAROPHYTA,EQUISETOPSIDA,ASTERALES,ASTERACEAE,Microseris,lanceolata,Yam Daisy,,Hand written expert,2014-11-15,-37.7914,144.9566,"-37.7914, 144.9566"
Plant,PLANTAE,CHAROPHYTA,EQUISETOPSIDA,BRASSICALES,TROPAEOLACEAE,Tropaeolum,,,Nasturtium,Twitter,2014-11-14,-37.8061,144.9651,"-37.8061, 144.9651"
Bird,ANIMALIA,CHORDATA,AVES,COLUMBIFORMES,COLUMBIDAE,Ocyphaps,lophotes,Crested Pigeon,,Participate,2014-11-08,-37.7923,144.964,"-37.7923, 144.964"
Bird,ANIMALIA,CHORDATA,AVES,PASSERIFORMES,STURNIDAE,Sturnus,tristis,"Common Myna, Indian Myna",Also known as Acridotheres tristis,Hand written citizen expert,2014-11-14,-37.8311,144.9105,"-37.8311, 144.9105"
Bird,ANIMALIA,CHORDATA,AVES,GRUIFORMES,RALLIDAE,Gallinula,tenebrosa,Dusky Moorhen,,Twitter,2014-11-17,-37.7833,144.9441,"-37.7833, 144.9441"
Bird,ANIMALIA,CHORDATA,AVES,PASSERIFORMES,ARTAMIDAE,Cracticus,torquatus,Grey Butcherbird,,Hand written expert,2014-11-14,-37.813,144.9805,"-37.813, 144.9805"
Bird,ANIMALIA,CHORDATA,AVES,PASSERIFORMES,MONARCHIDAE,Grallina,cyanoleuca,Magpie-lark,,Participate,2014-11-03,-37.824,144.942,"-37.824, 144.942"
Bird,ANIMALIA,CHORDATA,AVES,PASSERIFORMES,MONARCHIDAE,Grallina,cyanoleuca,Magpie-lark,,Participate,2014-10-31,-37.813,144.9802,"-37.813, 144.9802"
Bird,ANIMALIA,CHORDATA,AVES,ANSERIFORMES,ANATIDAE,Anas,superciliosa,"Pacific Black Duck, Black Duck",,Hand written expert,2014-11-15,-37.8311,144.9105,"-37.8311, 144.9105"
Bird,ANIMALIA,CHORDATA,AVES,PSITTACIFORMES,PSITTACIDAE,Trichoglossus,haematodus,Rainbow Lorikeet,,Hand written via expert,2014-11-15,-37.7833,144.9441,"-37.7833, 144.9441"
Bird,ANIMALIA,CHORDATA,AVES,COLUMBIFORMES,COLUMBIDAE,Streptopelia,chinensis,Spotted Dove,,Participate,2014-11-14,-37.7825,144.9421,"-37.7825, 144.9421"
Bird,ANIMALIA,CHORDATA,AVES,COLUMBIFORMES,COLUMBIDAE,Streptopelia,chinensis,Spotted Dove,,Participate,2014-10-31,-37.813,144.9802,"-37.813, 144.9802"
Bird,ANIMALIA,CHORDATA,AVES,PASSERIFORMES,ARTAMIDAE,Cracticus,tibicen,Australian Magpie,Also known as Gymnorhina tibicen,Participate,2014-10-31,-37.8161,144.9805,"-37.8161, 144.9805"
Bird,ANIMALIA,CHORDATA,AVES,PASSERIFORMES,ARTAMIDAE,Cracticus,tibicen,Australian Magpie,Also known as Gymnorhina tibicen,Participate,2014-11-02,-37.8413,144.9011,"-37.8413, 144.9011"
Bird,ANIMALIA,CHORDATA,AVES,PASSERIFORMES,CORVIDAE,Corvus,coronoides,Australian Raven,,Participate,2014-10-31,-37.8135,144.9782,"-37.8135, 144.9782"
Bird,ANIMALIA,CHORDATA,AVES,ANSERIFORMES,ANATIDAE,Anas,castanea,Chestnut Teal,,Participate,2014-11-15,-37.7869,144.9172,"-37.7869, 144.9172"
Bird,ANIMALIA,CHORDATA,AVES,PASSERIFORMES,STURNIDAE,Sturnus,tristis,"Common Myna, Indian Myna",Also known as Acridotheres tristis,Participate,2014-11-01,-37.8413,144.9011,"-37.8413, 144.9011"
Bird,ANIMALIA,CHORDATA,AVES,PASSERIFORMES,STURNIDAE,Sturnus,tristis,"Common Myna, Indian Myna",Also known as Acridotheres tristis,Hand written citizen expert,2014-11-06,-37.8311,144.9105,"-37.8311, 144.9105"
Bird,ANIMALIA,CHORDATA,AVES,PASSERIFORMES,STURNIDAE,Sturnus,vulgaris,Common Starling,,Hand written citizen expert,2014-11-02,-37.8311,144.9105,"-37.8311, 144.9105"
Bird,ANIMALIA,CHORDATA,AVES,PASSERIFORMES,STURNIDAE,Sturnus,vulgaris,Common Starling,,Hand written citizen expert,2014-11-10,-37.8311,144.9105,"-37.8311, 144.9105"
Bird,ANIMALIA,CHORDATA,AVES,COLUMBIFORMES,COLUMBIDAE,Ocyphaps,lophotes,Crested Pigeon,,Participate,2014-11-14,-37.7819,144.9426,"-37.7819, 144.9426"
Bird,ANIMALIA,CHORDATA,AVES,PASSERIFORMES,CORVIDAE,Corvus,mellori,Little Raven,,Hand written expert,2014-11-14,-37.813,144.9805,"-37.813, 144.9805"
Bird,ANIMALIA,CHORDATA,AVES,PASSERIFORMES,MONARCHIDAE,Grallina,cyanoleuca,Magpie-lark,,Hand written citizen expert,2014-11-06,-37.8311,144.9105,"-37.8311, 144.9105"
Bird,ANIMALIA,CHORDATA,AVES,CHARADRIIFORMES,CHARADRIIDAE,Vanellus,miles,"Masked Lapwing, Plover",,Participate,2014-11-08,-37.8484,144.9819,"-37.8484, 144.9819"
Bird,ANIMALIA,CHORDATA,AVES,PASSERIFORMES,MELIPHAGIDAE,Manorina,melanocephala,Noisy Miner,,Twitter,2014-11-02,-37.8188,144.9743,"-37.8188, 144.9743"
Bird,ANIMALIA,CHORDATA,AVES,STRIGIFORMES,STRIGIDAE,Ninox,strenua,Powerful Owl,,Twitter,2014-10-31,,,
Bird,ANIMALIA,CHORDATA,AVES,PSITTACIFORMES,PSITTACIDAE,Trichoglossus,haematodus,Rainbow Lorikeet,,Hand written citizen expert,2014-11-15,-37.8311,144.9105,"-37.8311, 144.9105"
Bird,ANIMALIA,CHORDATA,AVES,PASSERIFORMES,MELIPHAGIDAE,Anthochaera,carunculata,Red Wattlebird,,Hand written citizen expert,2014-11-03,-37.8311,144.9105,"-37.8311, 144.9105"
Bird,ANIMALIA,CHORDATA,AVES,PASSERIFORMES,MELIPHAGIDAE,Anthochaera,carunculata,Red Wattlebird,,Hand written via expert,2014-11-15,-37.7833,144.9441,"-37.7833, 144.9441"
Bird,ANIMALIA,CHORDATA,AVES,PSITTACIFORMES,PSITTACULIDAE,Psephotus,haematonotus,Red-rumped Parrot,,Hand written via expert,2014-11-15,-37.7833,144.9441,"-37.7833, 144.9441"
Bird,ANIMALIA,CHORDATA,AVES,CHARADRIIFORMES,LARIDAE,Chroicocephalus,novaehollandiae,Silver Gull,,Hand written citizen expert,2014-11-05,-37.8311,144.9105,"-37.8311, 144.9105"
Bird,ANIMALIA,CHORDATA,AVES,PASSERIFORMES,TIMALIIDAE,Zosterops,lateralis,Silvereye,,Hand written expert,2014-11-14,-37.813,144.9805,"-37.813, 144.9805"
Bird,ANIMALIA,CHORDATA,AVES,PASSERIFORMES,MALURIDAE,Malurus,cyaneus,Superb Fairy-wren,,Hand written citizen expert,2014-11-15,-37.8311,144.9105,"-37.8311, 144.9105"
Bird,ANIMALIA,CHORDATA,AVES,PASSERIFORMES,MALURIDAE,Malurus,cyaneus,Superb Fairy-wren,,Instagram,2014-11-15,-37.8311,144.9105,"-37.8311, 144.9105"
Bird,ANIMALIA,CHORDATA,AVES,PASSERIFORMES,MELIPHAGIDAE,Lichenostomus,penicillatus,White Plumed Honeyeater,,Hand written via expert,2014-11-15,-37.7833,144.9441,"-37.7833, 144.9441"
Fish,ANIMALIA,CHORDATA,ACTINOPTERYGII,PERCIFORMES,SPARIDAE,Acanthopagrus,australis,Yellowfin Bream,,Participate,2014-11-10,-37.8292,144.9005,"-37.8292, 144.9005"
Insect,ANIMALIA,ARTHROPODA,INSECTA,COLEOPTERA,DERMESTIDAE,Anthrenus,museorum,Museum Beetle,,Instagram,,-37.7986,144.9324,"-37.7986, 144.9324"
Insect,ANIMALIA,ARTHROPODA,INSECTA,DIPTERA,CALLIPHORIDAE,Calliphora,augur,"Lesser Brown Blowfly, Blue-bodied Blowfly",,Participate,,-37.796,144.962,"-37.796, 144.962"
Insect,ANIMALIA,ARTHROPODA,INSECTA,HYMENOPTERA,HALICTIDAE,Homalictus,sphecodoides,Native Australian Bee,,Instagram,,-37.8141,144.9747,"-37.8141, 144.9747"
Insect,ANIMALIA,ARTHROPODA,INSECTA,DIPTERA,MUSCIDAE,Musca,domestica,House Fly,,Participate,,-37.8043,144.9706,"-37.8043, 144.9706"
Insect,ANIMALIA,ARTHROPODA,INSECTA,LEPIDOPTERA,LYMANTRIIDAE,Orgyia,anartoides,Painted Apple Moth,,Participate,,-37.813,144.9802,"-37.813, 144.9802"
Insect,ANIMALIA,ARTHROPODA,INSECTA,COLEOPTERA,CERAMBYCIDAE,Phoracantha,semipunctata,Common Eucalypt Longicorn,,Participate,,-37.7989,144.9746,"-37.7989, 144.9746"
Insect,ANIMALIA,ARTHROPODA,INSECTA,LEPIDOPTERA,PIERIDAE,Pieris,rapae,Cabbage White Butterfly,,Hand written expert,,-37.813,144.9805,"-37.813, 144.9805"
Insect,ANIMALIA,ARTHROPODA,INSECTA,LEPIDOPTERA,PIERIDAE,Pieris,rapae,Cabbage White Butterfly,,Participate,,-37.8123,144.9358,"-37.8123, 144.9358"
Mammal,ANIMALIA,CHORDATA,MAMMALIA,RODENTIA,MURIDAE,Hydromys,chrysogaster,"Water-rat, Rakali",,Participate,2014-11-13,-37.7959,144.9355,"-37.7959, 144.9355"
Mammal,ANIMALIA,CHORDATA,MAMMALIA,CHIROPTERA,MOLOSSIDAE,Austronomous,australis,White-striped Freetail Bat,,Hand written expert,2014-11-14,-37.813,144.9805,"-37.813, 144.9805"
Plant,PLANTAE,CHAROPHYTA,EQUISETOPSIDA,FABALES,FABACEAE,Acacia,mearnsii,Black Wattle,,Hand written via expert,2014-11-15,-37.7919,144.9572,"-37.7919, 144.9572"
Plant,PLANTAE,CHAROPHYTA,EQUISETOPSIDA,MYRTALES,ONAGRACEAE,Fuchsia,boliviana,Bolivian Fuchsia,,Hand written via expert,2014-11-14,-37.813,144.9805,"-37.813, 144.9805"
Plant,PLANTAE,CHAROPHYTA,EQUISETOPSIDA,SAPINDALES,SAPINDACEAE,Acer,negundo,Box Elder Maple,,Hand written via expert,2014-11-16,-37.813,144.9805,"-37.813, 144.9805"
Plant,PLANTAE,CHAROPHYTA,EQUISETOPSIDA,POALES,POACEAE,Nassella,neesiana,Chilean Needle Grass,,Hand written expert,2014-11-15,-37.7919,144.9572,"-37.7919, 144.9572"
Plant,PLANTAE,CHAROPHYTA,EQUISETOPSIDA,AQUIFOLIALES,AQUIFOLIACEAE,Ilex,cornuta,Chinese Holly,,Hand written via expert,2014-11-14,-37.813,144.9805,"-37.813, 144.9805"
Plant,PLANTAE,CHAROPHYTA,EQUISETOPSIDA,LAMIALES,LAMIACEAE,Westringia,fruticosa,"Coastal Rosemary, Native Rosemary",,Twitter,2014-11-14,-37.8061,144.9651,"-37.8061, 144.9651"
Plant,PLANTAE,CHAROPHYTA,EQUISETOPSIDA,ASPARAGALES,AMARYLLIDACEAE,Agapanthus,praecox,"Common Agapanthus, African Lily",,Hand written via expert,2014-11-16,-37.813,144.9805,"-37.813, 144.9805"
Plant,PLANTAE,CHAROPHYTA,EQUISETOPSIDA,POALES,POACEAE,Elymus,repens,Common Couch Grass,,Participate,2014-10-31,-37.813,144.9802,"-37.813, 144.9802"
Plant,PLANTAE,CHAROPHYTA,EQUISETOPSIDA,POALES,POACEAE,Elymus,repens,Common Couch Grass,,Participate,2014-11-03,-37.8292,144.9007,"-37.8292, 144.9007"
Plant,PLANTAE,CHAROPHYTA,EQUISETOPSIDA,POALES,POACEAE,Elymus,repens,Common Couch Grass,,Participate,2014-11-10,-37.8387,144.9066,"-37.8387, 144.9066"
Plant,PLANTAE,CHAROPHYTA,EQUISETOPSIDA,POALES,POACEAE,Rytidosperma,caespitosum,Common Wallaby Grass,,Participate,2014-11-02,-37.7881,144.9529,"-37.7881, 144.9529"
Plant,PLANTAE,CHAROPHYTA,EQUISETOPSIDA,ROSALES,MORACEAE,Ficus,pumila,Creeping Fig,,Twitter,2014-11-14,-37.8061,144.9651,"-37.8061, 144.9651"
Plant,PLANTAE,CHAROPHYTA,EQUISETOPSIDA,FAGALES,CASUARINACEAE,Allocasuarina,verticillata,Drooping Sheoak,,Hand written via expert,2014-11-15,-37.7919,144.9572,"-37.7919, 144.9572"
Plant,PLANTAE,CHAROPHYTA,EQUISETOPSIDA,ALISMATALES,ARACEAE,Colocasia,esculenta,Elephant Ears,,Hand written via expert,2014-11-16,-37.813,144.9805,"-37.813, 144.9805"
Plant,PLANTAE,CHAROPHYTA,EQUISETOPSIDA,ARECALES,ARECACEAE,Chamerion,angustifolium,Fireweed,,Hand written expert,2014-11-15,-37.7919,144.9572,"-37.7919, 144.9572"
Plant,PLANTAE,CHAROPHYTA,EQUISETOPSIDA,ASPARAGALES,DORYANTHACEAE,Doryanthes,palmeri,Giant Spear Lily,,Hand written via expert,2014-11-16,-37.813,144.9805,"-37.813, 144.9805"
Plant,PLANTAE,CHAROPHYTA,EQUISETOPSIDA,GERANIALES,MELIANTHACEAE,Melianthus,major,Honey Bush,,Hand written via expert,2014-11-14,-37.813,144.9805,"-37.813, 144.9805"
Plant,PLANTAE,CHAROPHYTA,EQUISETOPSIDA,ROSALES,MORACEAE,Ficus,elastica,Indian Rubber Tree,cv. 'Ruby',Hand written via expert,2014-11-14,-37.813,144.9805,"-37.813, 144.9805"
Plant,PLANTAE,CHAROPHYTA,EQUISETOPSIDA,POALES,POACEAE,Miscanthus,sinensis,Japanese Silver Grass,,Hand written via expert,2014-11-14,-37.813,144.9805,"-37.813, 144.9805"
Plant,PLANTAE,CHAROPHYTA,EQUISETOPSIDA,ASPARAGALES,AMARYLLIDACEAE,Clivia,miniata,"Kaffir Lily, Bush Lily",,Hand written via expert,2014-11-16,-37.813,144.9805,"-37.813, 144.9805"
Plant,PLANTAE,CHAROPHYTA,EQUISETOPSIDA,FABALES,FABACEAE,Acacia,paradoxa,Kangaroo Thorn,,Hand written via expert,2014-11-15,-37.7919,144.9572,"-37.7919, 144.9572"
Plant,PLANTAE,CHAROPHYTA,EQUISETOPSIDA,ALISMATALES,ARACEAE,Monstera,deliciosa,"Monstera, Swiss Cheese Plant",,Hand written via expert,2014-11-14,-37.813,144.9805,"-37.813, 144.9805"
Plant,PLANTAE,CHAROPHYTA,EQUISETOPSIDA,ROSALES,MORACEAE,Ficus,macrophylla,Moreton Bay Fig,,Hand written via expert,2014-11-14,-37.7911,144.924,"-37.7911, 144.924"
Plant,PLANTAE,CHAROPHYTA,EQUISETOPSIDA,CARYOPHYLLALES,AMARANTHACEAE,Einadia,nutens,Nodding Saltbush,,Hand written expert,2014-11-15,-37.7919,144.9572,"-37.7919, 144.9572"
Plant,PLANTAE,CHAROPHYTA,EQUISETOPSIDA,GENTIANALES,APOCYNACEAE,Nerium,oleander,Oleander,,Hand written via expert,2014-11-16,-37.813,144.9805,"-37.813, 144.9805"
Plant,PLANTAE,CHAROPHYTA,EQUISETOPSIDA,FABALES,FABACEAE,Hardenbergia,violacea,Purple Coral Pea,,Twitter,2014-11-14,-37.8061,144.9651,"-37.8061, 144.9651"
Plant,PLANTAE,CHAROPHYTA,EQUISETOPSIDA,FABALES,FABACEAE,Hardenbergia,violacea,Purple Coral Pea,,Hand written via expert,2014-11-14,-37.7911,144.924,"-37.7911, 144.924"
Plant,PLANTAE,CHAROPHYTA,EQUISETOPSIDA,LAMIALES,LAMIACEAE,Plectranthus,argentatus,Silver Spurflower,,Hand written via expert,2014-11-14,-37.813,144.9805,"-37.813, 144.9805"
Plant,PLANTAE,CHAROPHYTA,EQUISETOPSIDA,RANUNCULALES,RANUNCULACEAE,Clematis,microphylla,Small-leaved Clematis,,Hand written via expert,2014-11-15,-37.7833,144.9441,"-37.7833, 144.9441"
Plant,PLANTAE,CHAROPHYTA,EQUISETOPSIDA,ASPARAGALES,ASPARAGACEAE,Lomandra,longifolia,Spiny-head Mat-rush,,Hand written expert,2014-11-15,-37.7919,144.9572,"-37.7919, 144.9572"
Plant,PLANTAE,CHAROPHYTA,EQUISETOPSIDA,ASPARAGALES,ASPARAGACEAE,Lomandra,longifolia,Spiny-head Mat-rush,,Hand written via expert,2014-11-16,-37.813,144.9805,"-37.813, 144.9805"
Plant,PLANTAE,CHAROPHYTA,EQUISETOPSIDA,MYRTALES,MYRTACEAE,Corymbia,maculata,Spotted Gum,,Hand written via expert,2014-11-16,-37.813,144.9805,"-37.813, 144.9805"
Plant,PLANTAE,CHAROPHYTA,EQUISETOPSIDA,MYRTALES,MYRTACEAE,Corymbia,maculata,Spotted Gum,,Hand written via expert,2014-11-15,-37.7919,144.9572,"-37.7919, 144.9572"
Plant,PLANTAE,CHAROPHYTA,EQUISETOPSIDA,MYRTALES,MYRTACEAE,Eucalyptus,melliodora,Yellow Box,,Hand written expert,2014-11-15,-37.7919,144.9572,"-37.7919, 144.9572"
Reptile,ANIMALIA,CHORDATA,REPTILIA,SQUAMATA,SCINCIDAE,Cryptoblepharus,virgatus,"Wall Skink, Cream-striped Shining-skink",,Participate,2014-11-14,-37.8021,144.9306,"-37.8021, 144.9306"
Bird,ANIMALIA,CHORDATA,AVES,ANSERIFORMES,ANATIDAE,Cygnus,atratus,Black Swan,,Participate,2014-11-03,-37.8292,144.9007,"-37.8292, 144.9007"
Bird,ANIMALIA,CHORDATA,AVES,ANSERIFORMES,ANATIDAE,Cygnus,atratus,Black Swan,,Instagram,2014-11-05,-37.8289,144.9812,"-37.8289, 144.9812"
Bird,ANIMALIA,CHORDATA,AVES,CHARADRIIFORMES,RECURVIROSTRIDAE,Himantopus,himantopus,Black-winged Stilt,,Hand written expert,2014-11-15,-37.8311,144.9105,"-37.8311, 144.9105"
Bird,ANIMALIA,CHORDATA,AVES,ANSERIFORMES,ANATIDAE,Anas,castanea,Chestnut Teal,,Participate,2014-11-14,-37.7823,144.9429,"-37.7823, 144.9429"
Bird,ANIMALIA,CHORDATA,AVES,PASSERIFORMES,TURDIDAE,Turdus,merula,Common Blackbird,,Participate,2014-11-15,-37.834,144.9807,"-37.834, 144.9807"
Bird,ANIMALIA,CHORDATA,AVES,PASSERIFORMES,TURDIDAE,Turdus,merula,Common Blackbird,,Hand written citizen expert,2014-11-14,-37.8311,144.9105,"-37.8311, 144.9105"
Bird,ANIMALIA,CHORDATA,AVES,PASSERIFORMES,STURNIDAE,Sturnus,tristis,"Common Myna, Indian Myna",Also known as Acridotheres tristis,Participate,2014-11-14,-37.7831,144.943,"-37.7831, 144.943"
Bird,ANIMALIA,CHORDATA,AVES,PASSERIFORMES,STURNIDAE,Sturnus,vulgaris,Common Starling,,Hand written citizen expert,2014-11-14,-37.8311,144.9105,"-37.8311, 144.9105"
Bird,ANIMALIA,CHORDATA,AVES,COLUMBIFORMES,COLUMBIDAE,Ocyphaps,lophotes,Crested Pigeon,,Participate,2014-11-02,-37.7881,144.9529,"-37.7881, 144.9529"
Bird,ANIMALIA,CHORDATA,AVES,COLUMBIFORMES,COLUMBIDAE,Ocyphaps,lophotes,Crested Pigeon,,Hand written via expert,2014-11-15,-37.7833,144.9441,"-37.7833, 144.9441"
Bird,ANIMALIA,CHORDATA,AVES,GRUIFORMES,RALLIDAE,Gallinula,tenebrosa,Dusky Moorhen,,Participate,2014-11-13,-37.7973,144.9359,"-37.7973, 144.9359"
Bird,ANIMALIA,CHORDATA,AVES,GRUIFORMES,RALLIDAE,Fulica,atra,"Eurasian Coot, Coot",,Participate,2014-11-15,-37.7866,144.9178,"-37.7866, 144.9178"
Bird,ANIMALIA,CHORDATA,AVES,PASSERIFORMES,FRINGILLIDAE,Carduelis,carduelis,European Goldfinch,,Participate,2014-11-02,-37.8413,144.9011,"-37.8413, 144.9011"
Bird,ANIMALIA,CHORDATA,AVES,PSITTACIFORMES,CACATUIDAE,Eolophus,roseicapillus,Galah,,Hand written citizen expert,2014-11-15,-37.8311,144.9105,"-37.8311, 144.9105"
Bird,ANIMALIA,CHORDATA,AVES,NEORNITHES,SULIFORMES,Phalacrocorax,carbo,Great Cormorant,,Participate,2014-11-03,-37.8158,144.9394,"-37.8158, 144.9394"
Bird,ANIMALIA,CHORDATA,AVES,PASSERIFORMES,ARTAMIDAE,Cracticus,torquatus,Grey Butcherbird,,Hand written via expert,2014-11-15,-37.7833,144.9441,"-37.7833, 144.9441"
Bird,ANIMALIA,CHORDATA,AVES,CUCULIFORMES,CUCULIDAE,Chrysococcyx,basalis,Horsfield's Bronze-cuckoo,,Hand written via expert,2014-11-15,-37.7833,144.9441,"-37.7833, 144.9441"
Bird,ANIMALIA,CHORDATA,AVES,PASSERIFORMES,PASSERIDAE,Passer,domesticus,House Sparrow,,Hand written citizen expert,2014-11-06,-37.8311,144.9105,"-37.8311, 144.9105"
Bird,ANIMALIA,CHORDATA,AVES,PASSERIFORMES,MONARCHIDAE,Grallina,cyanoleuca,Magpie-lark,,Participate,2014-11-05,-37.8126,144.9712,"-37.8126, 144.9712"
Bird,ANIMALIA,CHORDATA,AVES,PASSERIFORMES,MONARCHIDAE,Grallina,cyanoleuca,Magpie-lark,,Participate,2014-11-11,-37.8044,144.971,"-37.8044, 144.971"
Bird,ANIMALIA,CHORDATA,AVES,CHARADRIIFORMES,CHARADRIIDAE,Vanellus,miles,"Masked Lapwing, Plover",,Participate,2014-11-06,-37.8097,144.9069,"-37.8097, 144.9069"
Bird,ANIMALIA,CHORDATA,AVES,GRUIFORMES,RALLIDAE,Porphyrio,porphyrio,Purple Swamphen,,Hand written via expert,2014-11-15,-37.7833,144.9441,"-37.7833, 144.9441"
Bird,ANIMALIA,CHORDATA,AVES,PSITTACIFORMES,PSITTACIDAE,Trichoglossus,haematodus,Rainbow Lorikeet,,Hand written citizen expert,2014-11-08,-37.8311,144.9105,"-37.8311, 144.9105"
Bird,ANIMALIA,CHORDATA,AVES,PASSERIFORMES,MELIPHAGIDAE,Anthochaera,carunculata,Red Wattlebird,,Hand written expert,2014-11-15,-37.8311,144.9105,"-37.8311, 144.9105"
Bird,ANIMALIA,CHORDATA,AVES,PASSERIFORMES,MALURIDAE,Malurus,cyaneus,Superb Fairy-wren,,Participate,2014-11-14,-37.7819,144.9439,"-37.7819, 144.9439"
Bird,ANIMALIA,CHORDATA,AVES,PASSERIFORMES,MELIPHAGIDAE,Anthochaera,carunculata,Red Wattlebird,,Hand written citizen expert,2014-11-05,-37.8311,144.9105,"-37.8311, 144.9105"
Bird,ANIMALIA,CHORDATA,AVES,CHARADRIIFORMES,LARIDAE,Chroicocephalus,novaehollandiae,Silver Gull,,Hand written citizen expert,2014-11-10,-37.8311,144.9105,"-37.8311, 144.9105"
Bird,ANIMALIA,CHORDATA,AVES,COLUMBIFORMES,COLUMBIDAE,Streptopelia,chinensis,Spotted Dove,,Participate,2014-11-06,-37.7886,144.9078,"-37.7886, 144.9078"
Insect,ANIMALIA,ARTHROPODA,INSECTA,COLEOPTERA,CANTHARIDAE,Chauliognathus,lugubris,"Plague Soldier Beetle, Green Soldier Beetle",,Hand written expert,,-37.7919,144.9572,"-37.7919, 144.9572"
Mammal,ANIMALIA,CHORDATA,MAMMALIA,CHIROPTERA,VESPERTILIONIDAE,Chalinolobus,gouldii,Gould's Wattled Bat,,Hand written expert,,-37.7919,144.9572,"-37.7919, 144.9572"
Plant,PLANTAE,CHAROPHYTA,EQUISETOPSIDA,ARECALES,ARECACEAE,Livistona,australis,Australian Cabbage Palm,,Hand written via expert,2014-11-14,-37.813,144.9805,"-37.813, 144.9805"
Plant,PLANTAE,CHAROPHYTA,EQUISETOPSIDA,MYRTALES,MYRTACEAE,Syzygium,smithii,Common Lilly Pilly,Formerly known as Acmena smithii,Participate,2014-11-08,-37.7922,144.9645,"-37.7922, 144.9645"
Bird,ANIMALIA,CHORDATA,AVES,PASSERIFORMES,ARTAMIDAE,Cracticus,tibicen,Australian Magpie,Also known as Gymnorhina tibicen,Hand written not expert,2014-11-14,-37.7829,144.9434,"-37.7829, 144.9434"
Bird,ANIMALIA,CHORDATA,AVES,CICONIIFORMES,THRESKIORNITHIDAE,Threskiornis,molucca,Australian White Ibis,,Participate,2014-11-14,-37.8022,144.9135,"-37.8022, 144.9135"
Bird,ANIMALIA,CHORDATA,AVES,PASSERIFORMES,MONARCHIDAE,Grallina,cyanoleuca,Magpie-lark,,Participate,2014-11-08,-37.8481,144.9805,"-37.8481, 144.9805"
Bird,ANIMALIA,CHORDATA,AVES,PASSERIFORMES,MONARCHIDAE,Grallina,cyanoleuca,Magpie-lark,,Hand written citizen expert,2014-11-14,-37.8311,144.9105,"-37.8311, 144.9105"
Bird,ANIMALIA,CHORDATA,AVES,CHARADRIIFORMES,LARIDAE,Chroicocephalus,novaehollandiae,Silver Gull,,Participate,2014-11-14,-37.8026,144.9136,"-37.8026, 144.9136"
Bird,ANIMALIA,CHORDATA,AVES,COLUMBIFORMES,COLUMBIDAE,Streptopelia,chinensis,Spotted Dove,,Participate,2014-11-05,-37.8123,144.9358,"-37.8123, 144.9358"
Bird,ANIMALIA,CHORDATA,AVES,COLUMBIFORMES,COLUMBIDAE,Streptopelia,chinensis,Spotted Dove,,Hand written citizen expert,2014-11-10,-37.8311,144.9105,"-37.8311, 144.9105"
Bird,ANIMALIA,CHORDATA,AVES,PSITTACIFORMES,CACATUIDAE,Cacatua,galerita,Sulphur-crested Cockatoo,,Hand written expert,2014-11-14,-37.813,144.9805,"-37.813, 144.9805"
Bird,ANIMALIA,CHORDATA,AVES,PASSERIFORMES,MALURIDAE,Malurus,cyaneus,Superb Fairy-wren,,Hand written via expert,2014-11-15,-37.7833,144.9441,"-37.7833, 144.9441"
Bird,ANIMALIA,CHORDATA,AVES,PASSERIFORMES,MELIPHAGIDAE,Lichenostomus,penicillatus,White Plumed Honeyeater,,Hand written expert,2014-11-15,-37.8311,144.9105,"-37.8311, 144.9105"
Bird,ANIMALIA,CHORDATA,AVES,PASSERIFORMES,ACANTHIZIDAE,Sericornis,frontalis,White-browed Scrubwren,,Hand written expert,2014-11-14,-37.813,144.9805,"-37.813, 144.9805"
Bird,ANIMALIA,CHORDATA,AVES,CICONIIFORMES,ARDEIDAE,Egretta,novaehollandiae,"White-faced Heron, Blue Crane",,Hand written via expert,2014-11-15,-37.7833,144.9441,"-37.7833, 144.9441"
Bird,ANIMALIA,CHORDATA,AVES,PASSERIFORMES,RHIPIDURIDAE,Rhipidura,leucophrys,Willie Wagtail,,Hand written not expert,2014-11-11,-37.7822,144.9444,"-37.7822, 144.9444"
Bird,ANIMALIA,CHORDATA,AVES,PASSERIFORMES,RHIPIDURIDAE,Rhipidura,leucophrys,Willie Wagtail,,Hand written citizen expert,2014-11-05,-37.8311,144.9105,"-37.8311, 144.9105"
Bird,ANIMALIA,CHORDATA,AVES,PASSERIFORMES,RHIPIDURIDAE,Rhipidura,leucophrys,Willie Wagtail,,Hand written citizen expert,2014-11-14,-37.8311,144.9105,"-37.8311, 144.9105"
Diplopod,ANIMALIA,ARTHROPODA,DIPLOPOD,JULIDA,JULIDAE,Ommatoiulus,moreleti,Portuguese Millipede,,Participate,2014-11-04,-37.7951,144.9758,"-37.7951, 144.9758"
Echinoderm,ANIMALIA,ECHINODERMATA,ASTEROIDEA,FORCIPULATIDA,ASTERIIDAE,Asterias,amurensis,Northern Pacific Seastar,,Participate,2014-11-08,-37.7928,144.9653,"-37.7928, 144.9653"
Insect,ANIMALIA,ARTHROPODA,INSECTA,COLEOPTERA,CHRYSOMELIDAE,Xanthogaleruca,luteola,Elm Leaf Beetle,,Participate,,-37.814,144.981,"-37.814, 144.981"
Insect,ANIMALIA,ARTHROPODA,INSECTA,COLEOPTERA,DYTISCIDAE,,,,,Participate,,-37.8387,144.9066,"-37.8387, 144.9066"
Insect,ANIMALIA,ARTHROPODA,INSECTA,ODONATA,,,,,,Participate,,-37.8319,144.9087,"-37.8319, 144.9087"
Mollusc,ANIMALIA,MOLLUSCA,BIVALVIA,VENEROIDA,VENERIDAE,Katelysia,scalarina,"Sand Cockle, Stepped Venerid",,Participate,2014-11-03,-37.8292,144.9007,"-37.8292, 144.9007"
Plant,PLANTAE,CHAROPHYTA,EQUISETOPSIDA,ALISMATALES,ARACEAE,Zantedeschia,aethiopica,Arum Lily,,Participate,2014-11-10,-37.8305,144.9062,"-37.8305, 144.9062"
Plant,PLANTAE,CHAROPHYTA,EQUISETOPSIDA,PINALES,PINACEAE,Pinus,canariensis,Canary Island Pine,,Hand written via expert,2014-11-16,-37.813,144.9805,"-37.813, 144.9805"
Plant,PLANTAE,CHAROPHYTA,EQUISETOPSIDA,GENTIANALES,RUBIACEAE,Galium,aparine,Cleavers,,Hand written via expert,2014-11-14,-37.7911,144.924,"-37.7911, 144.924"
Plant,PLANTAE,CHAROPHYTA,EQUISETOPSIDA,ASTERALES,ASTERACEAE,Chrysocephalum,semipapposum,Clustered Everlasting,,Hand written expert,2014-11-15,-37.7919,144.9572,"-37.7919, 144.9572"
Plant,PLANTAE,CHAROPHYTA,EQUISETOPSIDA,ASTERALES,ASTERACEAE,Chrysocephalum,apiculatum,"Common Everlasting, Yellow Buttons",,Hand written via expert,2014-11-15,-37.7919,144.9572,"-37.7919, 144.9572"
Plant,PLANTAE,CHAROPHYTA,EQUISETOPSIDA,ASPARAGALES,ASPARAGACEAE,Asparagus,setaceus,Common Asparagus Fern,,Hand written via expert,2014-11-14,-37.813,144.9805,"-37.813, 144.9805"
Plant,PLANTAE,CHAROPHYTA,EQUISETOPSIDA,FAGALES,FAGACEAE,Quercus,suber,Cork Oak,,Hand written via expert,2014-11-16,-37.813,144.9805,"-37.813, 144.9805"
Plant,PLANTAE,CHAROPHYTA,EQUISETOPSIDA,POALES,CYPERACEAE,Cyperus,eragrostis,Drain Flat Sedge,,Hand written via expert,2014-11-15,-37.7919,144.9572,"-37.7919, 144.9572"
Plant,PLANTAE,CHAROPHYTA,EQUISETOPSIDA,ASTERALES,ASTERACEAE,Bellis,perennis,English Daisy,,Hand written via expert,2014-11-16,-37.813,144.9805,"-37.813, 144.9805"
Plant,PLANTAE,CHAROPHYTA,EQUISETOPSIDA,APIALES,APIACEAE,Foeniculum,vulgare,Fennel,,Participate,2014-11-14,-37.802,144.9308,"-37.802, 144.9308"
Plant,PLANTAE,CHAROPHYTA,EQUISETOPSIDA,ASPARAGALES,AMARYLLIDACEAE,Clivia,miniata,"Kaffir Lily, Bush Lily",,Hand written via expert,2014-11-14,-37.813,144.9805,"-37.813, 144.9805"
Plant,PLANTAE,CHAROPHYTA,EQUISETOPSIDA,LAMIALES,LAMIACEAE,Stachys,byzantina,Lamb's Ears,,Hand written via expert,2014-11-16,-37.813,144.9805,"-37.813, 144.9805"
Plant,PLANTAE,CHAROPHYTA,EQUISETOPSIDA,FABALES,FABACEAE,Acacia,implexa,"Lightwood, Hickory Wattle",,Hand written expert,2014-11-15,-37.7919,144.9572,"-37.7919, 144.9572"
Plant,PLANTAE,CHAROPHYTA,EQUISETOPSIDA,POALES,POACEAE,Dichelachne,crinita,Long-hair Plume-grass,,Hand written expert,2014-11-15,-37.7919,144.9572,"-37.7919, 144.9572"
Plant,PLANTAE,CHAROPHYTA,EQUISETOPSIDA,ROSALES,MORACEAE,Ficus,macrophylla,Moreton Bay Fig,,Participate,2014-10-31,-37.813,144.9802,"-37.813, 144.9802"
Plant,PLANTAE,CHAROPHYTA,EQUISETOPSIDA,ROSALES,MORACEAE,Ficus,macrophylla,Moreton Bay Fig,,Twitter,2014-11-05,-37.8024,144.9628,"-37.8024, 144.9628"
Plant,PLANTAE,CHAROPHYTA,EQUISETOPSIDA,CARYOPHYLLALES,CHENOPODIACEAE,Einadia,nutans,Nodding Saltbush,,Hand written expert,2014-11-15,-37.7919,144.9572,"-37.7919, 144.9572"
Plant,PLANTAE,CHAROPHYTA,EQUISETOPSIDA,POALES,POACEAE,Danthonia,caerula,Paroo Lily,,Hand written via expert,2014-11-15,-37.7919,144.9572,"-37.7919, 144.9572"
Plant,PLANTAE,CHAROPHYTA,EQUISETOPSIDA,PROTEALES,PROTEACEAE,Leucadendron,salignum,Red Devil,,Twitter,2014-11-14,-37.8061,144.9651,"-37.8061, 144.9651"
Plant,PLANTAE,CHAROPHYTA,EQUISETOPSIDA,MYRTALES,MYRTACEAE,Corymbia,ficifolia,Red Flowering Gum,,Twitter,2014-11-14,-37.8061,144.9651,"-37.8061, 144.9651"
Plant,PLANTAE,CHAROPHYTA,EQUISETOPSIDA,LAMIALES,LAMIACEAE,Rosmarinus,officinalis,Rosemary,,Hand written via expert,2014-11-14,-37.7911,144.924,"-37.7911, 144.924"
Plant,PLANTAE,CHAROPHYTA,EQUISETOPSIDA,SAXIFRAGALES,CRASSULACEAE,Sedum,spectabile,Showy Stonecrop,,Hand written via expert,2014-11-14,-37.813,144.9805,"-37.813, 144.9805"
Plant,PLANTAE,CHAROPHYTA,EQUISETOPSIDA,MYRTALES,MYRTACEAE,Eucalyptus,cladocalyx,Sugar Gum,,Hand written via expert,2014-11-15,-37.7919,144.9572,"-37.7919, 144.9572"
Plant,PLANTAE,CHAROPHYTA,EQUISETOPSIDA,SAXIFRAGALES,CRASSULACEAE,Aeonium,arboreum,Tree Houseleek,,Hand written via expert,2014-11-16,-37.813,144.9805,"-37.813, 144.9805"
Plant,PLANTAE,CHAROPHYTA,EQUISETOPSIDA,COMMELINALES,COMMELINACEAE,Tradescantia,fluminensis,Wandering Creeper,,Hand written via expert,2014-11-16,-37.813,144.9805,"-37.813, 144.9805"
Plant,PLANTAE,CHAROPHYTA,EQUISETOPSIDA,MYRTALES,MYRTACEAE,Syzygium,floribunda,Weeping Lilly Pilly,Formerly known as Waterhousea floribunda,Hand written via expert,2014-11-14,-37.813,144.9805,"-37.813, 144.9805"
Plant,PLANTAE,CHAROPHYTA,EQUISETOPSIDA,SAPINDALES,RUTACEAE,Correa,alba,White Correa,,Hand written via expert,2014-11-14,-37.7911,144.924,"-37.7911, 144.924"
Plant,PLANTAE,CHAROPHYTA,EQUISETOPSIDA,ASPARAGALES,IRIDACEAE,Dietes,grandiflora,Wild Iris,,Hand written via expert,2014-11-14,-37.7911,144.924,"-37.7911, 144.924"
Plant,PLANTAE,CHAROPHYTA,EQUISETOPSIDA,MYRTALES,MYRTACEAE,Eucalyptus,leucoxylon,Yellow Gum,,Hand written via expert,2014-11-14,-37.7911,144.924,"-37.7911, 144.924"
Bird,ANIMALIA,CHORDATA,AVES,PASSERIFORMES,ACANTHIZIDAE,Acanthiza,pusilla,Brown Thornbill,,Hand written via expert,2014-11-15,-37.7833,144.9441,"-37.7833, 144.9441"
Bird,ANIMALIA,CHORDATA,AVES,COLUMBIFORMES,COLUMBIDAE,Ocyphaps,lophotes,Crested Pigeon,,Participate,2014-11-06,-37.7906,144.9094,"-37.7906, 144.9094"
Bird,ANIMALIA,CHORDATA,AVES,PASSERIFORMES,STURNIDAE,Sturnus,tristis,"Common Myna, Indian Myna",Also known as Acridotheres tristis,Hand written citizen expert,2014-11-05,-37.8311,144.9105,"-37.8311, 144.9105"
Bird,ANIMALIA,CHORDATA,AVES,COLUMBIFORMES,COLUMBIDAE,Ocyphaps,lophotes,Crested Pigeon,,Hand written not expert,2014-11-06,-37.7829,144.9437,"-37.7829, 144.9437"
Bird,ANIMALIA,CHORDATA,AVES,PASSERIFORMES,RHIPIDURIDAE,Rhipidura,albiscapa,Grey Fantail,,Hand written expert,2014-11-14,-37.813,144.9805,"-37.813, 144.9805"
Bird,ANIMALIA,CHORDATA,AVES,PASSERIFORMES,MELIPHAGIDAE,Anthochaera,chrysoptera,Little Wattlebird,,Hand written expert,2014-11-14,-37.813,144.9805,"-37.813, 144.9805"
Bird,ANIMALIA,CHORDATA,AVES,PASSERIFORMES,MELIPHAGIDAE,Manorina,melanocephala,Noisy Miner,,Participate,2014-11-14,-37.7797,144.9422,"-37.7797, 144.9422"
Bird,ANIMALIA,CHORDATA,AVES,CHARADRIIFORMES,LARIDAE,Chroicocephalus,novaehollandiae,Silver Gull,,Hand written expert,2014-11-14,-37.813,144.9805,"-37.813, 144.9805"
Bird,ANIMALIA,CHORDATA,AVES,CHARADRIIFORMES,LARIDAE,Chroicocephalus,novaehollandiae,Silver Gull,,Participate,2014-11-06,-37.8078,144.9249,"-37.8078, 144.9249"
Bird,ANIMALIA,CHORDATA,AVES,PASSERIFORMES,MALURIDAE,Malurus,cyaneus,Superb Fairy-wren,,Hand written citizen expert,2014-11-06,-37.8311,144.9105,"-37.8311, 144.9105"
Bird,ANIMALIA,CHORDATA,AVES,PASSERIFORMES,MALURIDAE,Malurus,cyaneus,Superb Fairy-wren,,Twitter,2014-11-09,-37.7833,144.9441,"-37.7833, 144.9441"
Bird,ANIMALIA,CHORDATA,AVES,PASSERIFORMES,HIRUNDINIDAE,Hirundo,neoxena,Welcome Swallow,,Instagram,2014-11-15,-37.8311,144.9105,"-37.8311, 144.9105"
Bird,ANIMALIA,CHORDATA,AVES,PASSERIFORMES,HIRUNDINIDAE,Hirundo,neoxena,Welcome Swallow,,Participate,2014-11-06,-37.7883,144.9083,"-37.7883, 144.9083"
Bird,ANIMALIA,CHORDATA,AVES,PASSERIFORMES,RHIPIDURIDAE,Rhipidura,leucophrys,Willie Wagtail,,Hand written expert,2014-11-15,-37.8311,144.9105,"-37.8311, 144.9105"
Bird,ANIMALIA,CHORDATA,AVES,CHARADRIIFORMES,RECURVIROSTRIDAE,Himantopus,himantopus,Black-winged Stilt,,Instagram,2014-11-15,-37.8311,144.9105,"-37.8311, 144.9105"
Bird,ANIMALIA,CHORDATA,AVES,ANSERIFORMES,ANATIDAE,Anas,castanea,Chestnut Teal,,Hand written expert,2014-11-15,-37.8311,144.9105,"-37.8311, 144.9105"
Bird,ANIMALIA,CHORDATA,AVES,ANSERIFORMES,ANATIDAE,Anas,castanea,Chestnut Teal,,Hand written via expert,2014-11-15,-37.7833,144.9441,"-37.7833, 144.9441"
Bird,ANIMALIA,CHORDATA,AVES,PASSERIFORMES,TURDIDAE,Turdus,merula,Common Blackbird,,Participate,2014-11-15,-37.8331,144.9044,"-37.8331, 144.9044"
Bird,ANIMALIA,CHORDATA,AVES,PASSERIFORMES,STURNIDAE,Sturnus,vulgaris,Common Starling,,Hand written citizen expert,2014-11-06,-37.8311,144.9105,"-37.8311, 144.9105"
Bird,ANIMALIA,CHORDATA,AVES,PASSERIFORMES,MONARCHIDAE,Grallina,cyanoleuca,Magpie-lark,,Hand written citizen expert,2014-11-05,-37.8311,144.9105,"-37.8311, 144.9105"
Bird,ANIMALIA,CHORDATA,AVES,PASSERIFORMES,MELIPHAGIDAE,Phylidonyris,novaehollandiae,New Holland Honeyeater,,Hand written not expert,2014-11-14,-37.7826,144.9434,"-37.7826, 144.9434"
Insect,ANIMALIA,ARTHROPODA,INSECTA,COLEOPTERA,CARABIDAE,Notonomus,,,Ground Beetle,Participate,,-37.8043,144.9705,"-37.8043, 144.9705"
Bird,ANIMALIA,CHORDATA,AVES,PSITTACIFORMES,PSITTACIDAE,Trichoglossus,haematodus,Rainbow Lorikeet,,Participate,2014-11-11,-37.8053,144.9706,"-37.8053, 144.9706"
Bird,ANIMALIA,CHORDATA,AVES,PASSERIFORMES,MALURIDAE,Malurus,cyaneus,Superb Fairy-wren,,Hand written not expert,2014-11-06,-37.7822,144.9423,"-37.7822, 144.9423"
Bird,ANIMALIA,CHORDATA,AVES,PASSERIFORMES,HIRUNDINIDAE,Hirundo,neoxena,Welcome Swallow,,Participate,2014-11-14,-37.7824,144.9435,"-37.7824, 144.9435"
Bird,ANIMALIA,CHORDATA,AVES,PASSERIFORMES,HIRUNDINIDAE,Hirundo,neoxena,Welcome Swallow,,Twitter,2014-11-17,-37.7919,144.9572,"-37.7919, 144.9572"
Insect,ANIMALIA,ARTHROPODA,INSECTA,LEPIDOPTERA,LYCAENIDAE,Zizina,otis,"Common Grass Blue, Grass Blue",Subspecies Zizina otis labradus,Hand written expert,,-37.7919,144.9572,"-37.7919, 144.9572"
Plant,PLANTAE,CHAROPHYTA,EQUISETOPSIDA,POALES,POACEAE,Elymus,repens,Common Couch Grass,,Participate,2014-11-03,-37.824,144.942,"-37.824, 144.942"
Mammal,ANIMALIA,CHORDATA,MAMMALIA,CHIROPTERA,VESPERTILIONIDAE,Chalinolobus,gouldii,Gould's Wattled Bat,,Hand written expert,2014-11-14,-37.813,144.9805,"-37.813, 144.9805"
Plant,PLANTAE,CHAROPHYTA,EQUISETOPSIDA,RANUNCULALES,RANUNCULACEAE,Clematis,aristata,Australian Clematis,,Twitter,2014-11-17,-37.7833,144.9441,"-37.7833, 144.9441"
Plant,PLANTAE,CHAROPHYTA,EQUISETOPSIDA,ARECALES,ARECACEAE,Archontophoenix,cunninghamiana,Bangalow Palm,,Hand written via expert,2014-11-14,-37.813,144.9805,"-37.813, 144.9805"
Plant,PLANTAE,CHAROPHYTA,EQUISETOPSIDA,POLYPODIALES,ASPLENIACEAE,Asplenium,australisicum,Birdsnest Fern,,Hand written via expert,2014-11-14,-37.813,144.9805,"-37.813, 144.9805"
Reptile,ANIMALIA,CHORDATA,REPTILIA,SQUAMATA,SCINCIDAE,Tiliqua,scincoides,Eastern Blue-tongue,,Twitter,2014-11-15,-37.8311,144.9105,"-37.8311, 144.9105"
Plant,PLANTAE,CHAROPHYTA,EQUISETOPSIDA,POALES,POACEAE,Bromus,diandrus,Great brome,,Hand written via expert,2014-11-15,-37.7919,144.9572,"-37.7919, 144.9572"
Plant,PLANTAE,CHAROPHYTA,EQUISETOPSIDA,CORNALES,CORNACEAE,Cornus,capitata,Himalayan Strawberry Tree,,Hand written via expert,2014-11-14,-37.813,144.9805,"-37.813, 144.9805"
Plant,PLANTAE,CHAROPHYTA,EQUISETOPSIDA,APIALES,APIACEAE,Petroselinum,crispum,Italian Parsley,var. neapolitanum,Participate,2014-11-14,-37.795,144.9358,"-37.795, 144.9358"
Plant,PLANTAE,CHAROPHYTA,EQUISETOPSIDA,SAXIFRAGALES,CRASSULACEAE,Crassula,ovata,Jade Plant,,Hand written via expert,2014-11-16,-37.813,144.9805,"-37.813, 144.9805"
Plant,PLANTAE,CHAROPHYTA,EQUISETOPSIDA,SOLANALES,CONVOLVULACEAE,Dichondra,repens,Kidney Weed,,Twitter,2014-11-14,-37.8061,144.9651,"-37.8061, 144.9651"
Plant,PLANTAE,CHAROPHYTA,EQUISETOPSIDA,CARYOPHYLLALES,POLYGONACEAE,Muehlenbeckia,florulenta,Lignum,,Hand written via expert,2014-11-15,-37.7833,144.9441,"-37.7833, 144.9441"
Plant,PLANTAE,CHAROPHYTA,EQUISETOPSIDA,ROSALES,MORACEAE,Ficus,macrophylla,Moreton Bay Fig,,Hand written via expert,2014-11-14,-37.813,144.9805,"-37.813, 144.9805"
Plant,PLANTAE,CHAROPHYTA,EQUISETOPSIDA,MYRTALES,MYRTACEAE,Callistemon,sieberi,River Bottlebrush,,Hand written expert,2014-11-15,-37.7919,144.9572,"-37.7919, 144.9572"
Plant,PLANTAE,CHAROPHYTA,EQUISETOPSIDA,LAMIALES,LAMIACEAE,Rosmarinus,officinalis,Rosemary,Blue Lagoon,Hand written via expert,2014-11-14,-37.7911,144.924,"-37.7911, 144.924"
Plant,PLANTAE,CHAROPHYTA,EQUISETOPSIDA,CYCADALES,CYCADACEAE,Cycas,revoluta,Sago Palm,,Hand written via expert,2014-11-14,-37.813,144.9805,"-37.813, 144.9805"
Plant,PLANTAE,CHAROPHYTA,EQUISETOPSIDA,POALES,POACEAE,Vulpia,bromoides,Squirrel-tail Fescue,,Hand written via expert,2014-11-15,-37.7919,144.9572,"-37.7919, 144.9572"
Plant,PLANTAE,CHAROPHYTA,EQUISETOPSIDA,ASPARAGALES,HEMEROCALLIDACEAE,Dianella,tasmanica,Tasman Flax-lily,,Hand written via expert,2014-11-15,-37.7919,144.9572,"-37.7919, 144.9572"
Plant,PLANTAE,CHAROPHYTA,EQUISETOPSIDA,POALES,POACEAE,Lachnagrostis,aemula,Tumbling Blown Grass,,Hand written via expert,2014-11-15,-37.7919,144.9572,"-37.7919, 144.9572"
Plant,PLANTAE,CHAROPHYTA,EQUISETOPSIDA,FABALES,FABACEAE,Acacia,pendula,Weeping Myall,,Twitter,2014-11-17,-37.7833,144.9441,"-37.7833, 144.9441"
Plant,PLANTAE,CHAROPHYTA,EQUISETOPSIDA,ZINGIBERALES,STRELITZIACEAE,Strelitzia,nicolai,White Bird of Paradise,,Hand written via expert,2014-11-16,-37.813,144.9805,"-37.813, 144.9805"
Plant,PLANTAE,CHAROPHYTA,EQUISETOPSIDA,ASPARAGALES,IRIDACEAE,Dietes,grandiflora,Wild Iris,,Hand written via expert,2014-11-14,-37.813,144.9805,"-37.813, 144.9805"
Plant,PLANTAE,CHAROPHYTA,EQUISETOPSIDA,MYRTALES,MYRTACEAE,Eucalyptus,melliodora,Yellow Box,,Hand written expert,2014-11-15,-37.7914,144.9566,"-37.7914, 144.9566"
Bird,ANIMALIA,CHORDATA,AVES,PASSERIFORMES,ARTAMIDAE,Cracticus,tibicen,Australian Magpie,Also known as Gymnorhina tibicen,Hand written citizen expert,2014-10-31,-37.8311,144.9105,"-37.8311, 144.9105"
Bird,ANIMALIA,CHORDATA,AVES,PSITTACIFORMES,PSITTACIDAE,Platycercus,eximius,Eastern Rosella,,Hand written via expert,2014-11-15,-37.7833,144.9441,"-37.7833, 144.9441"
Bird,ANIMALIA,CHORDATA,AVES,GRUIFORMES,RALLIDAE,Fulica,atra,"Eurasian Coot, Coot",,Participate,2014-11-14,-37.7824,144.9435,"-37.7824, 144.9435"
Bird,ANIMALIA,CHORDATA,AVES,PSITTACIFORMES,CACATUIDAE,Eolophus,roseicapillus,Galah,,Hand written expert,2014-11-15,-37.7898,144.9539,"-37.7898, 144.9539"
Bird,ANIMALIA,CHORDATA,AVES,PASSERIFORMES,PASSERIDAE,Passer,domesticus,House Sparrow,,Hand written citizen expert,2014-11-05,-37.8311,144.9105,"-37.8311, 144.9105"
Bird,ANIMALIA,CHORDATA,AVES,PASSERIFORMES,CORVIDAE,Corvus,mellori,Little Raven,,Hand written via expert,2014-11-15,-37.7833,144.9441,"-37.7833, 144.9441"
Bird,ANIMALIA,CHORDATA,AVES,ANSERIFORMES,ANATIDAE,Anas,superciliosa,"Pacific Black Duck, Black Duck",,Hand written via expert,2014-11-15,-37.7833,144.9441,"-37.7833, 144.9441"
Bird,ANIMALIA,CHORDATA,AVES,COLUMBIFORMES,COLUMBIDAE,Columba,livia,"Rock Dove, Feral Pigeon",,Hand written via expert,2014-11-15,-37.7833,144.9441,"-37.7833, 144.9441"
Bird,ANIMALIA,CHORDATA,AVES,COLUMBIFORMES,COLUMBIDAE,Streptopelia,chinensis,Spotted Dove,,Hand written citizen expert,2014-11-02,-37.8311,144.9105,"-37.8311, 144.9105"
Bird,ANIMALIA,CHORDATA,AVES,PASSERIFORMES,ACANTHIZIDAE,Sericornis,frontalis,White-browed Scrubwren,,Hand written via expert,2014-11-15,-37.7833,144.9441,"-37.7833, 144.9441"
Insect,ANIMALIA,ARTHROPODA,INSECTA,DIPTERA,MUSCIDAE,Musca,domestica,House Fly,,Participate,,-37.7947,144.9649,"-37.7947, 144.9649"
Insect,ANIMALIA,ARTHROPODA,INSECTA,LEPIDOPTERA,NYMPHALIDAE,Vanessa,kershawi,Australian Painted Lady,,Twitter,,-37.813,144.9805,"-37.813, 144.9805"
Mammal,ANIMALIA,CHORDATA,MAMMALIA,CARNIVORA,OTARIIDAE,Arctocephalus,pusillus,Australian Fur Seal,,Twitter,2014-11-16,-37.8228,144.9468,"-37.8228, 144.9468"
Mammal,ANIMALIA,CHORDATA,MAMMALIA,CARNIVORA,OTARIIDAE,Arctocephalus,pusillus,Australian Fur Seal,,Participate,2014-11-17,-37.8367,144.9185,"-37.8367, 144.9185"
Plant,PLANTAE,CHAROPHYTA,EQUISETOPSIDA,ALISMATALES,ARACEAE,Zantedeschia,aethiopica,Arum Lily,,Hand written via expert,2014-11-14,-37.813,144.9805,"-37.813, 144.9805"
Plant,PLANTAE,CHAROPHYTA,EQUISETOPSIDA,POLYPODIALES,ASPLENIACEAE,Asplenium,australisicum,Birdsnest Fern,,Hand written via expert,2014-11-16,-37.813,144.9805,"-37.813, 144.9805"
Plant,PLANTAE,CHAROPHYTA,EQUISETOPSIDA,ASPARAGALES,ASPARAGACEAE,Arthropodium,strictum,Chocolate Lily,,Hand written expert,2014-11-15,-37.7919,144.9572,"-37.7919, 144.9572"
Plant,PLANTAE,CHAROPHYTA,EQUISETOPSIDA,POALES,POACEAE,Poa,poiformis,Coast Tussock Grass,,Twitter,2014-11-14,-37.8061,144.9651,"-37.8061, 144.9651"
Plant,PLANTAE,CHAROPHYTA,EQUISETOPSIDA,ARECALES,ARECACEAE,Chamerion,angustifolium,Fireweed,,Hand written expert,2014-11-15,-37.7914,144.9566,"-37.7914, 144.9566"
Plant,PLANTAE,CHAROPHYTA,EQUISETOPSIDA,RANUNCULALES,BERBERIDACEAE,Nandina,domestica,Japanese Sacred Bamboo,,Twitter,2014-11-14,-37.8061,144.9651,"-37.8061, 144.9651"
Plant,PLANTAE,CHAROPHYTA,EQUISETOPSIDA,MYRTALES,MYRTACEAE,Eucalyptus,woodwardii,Lemon Flowered Gum,,Hand written expert,2014-11-15,-37.7919,144.9572,"-37.7919, 144.9572"
Plant,PLANTAE,CHAROPHYTA,EQUISETOPSIDA,GENTIANALES,APOCYNACEAE,Araujira,sericifera,Moth Vine,,Hand written via expert,2014-11-15,-37.7919,144.9572,"-37.7919, 144.9572"
Plant,PLANTAE,CHAROPHYTA,EQUISETOPSIDA,ASPARAGALES,IRIDACEAE,Romulea,rosea,Onion Grass,,Hand written via expert,2014-11-15,-37.7919,144.9572,"-37.7919, 144.9572"
Plant,PLANTAE,CHAROPHYTA,EQUISETOPSIDA,SAPINDALES,ANACARDIACEAE,Schinus,molle,Pepper Tree,Schinus molle var. areira,Hand written via expert,2014-11-14,-37.7911,144.924,"-37.7911, 144.924"
Plant,PLANTAE,CHAROPHYTA,EQUISETOPSIDA,POALES,POACEAE,Lolium,perenne,Perennial Ryegrass,,Hand written via expert,2014-11-15,-37.7919,144.9572,"-37.7919, 144.9572"
Plant,PLANTAE,CHAROPHYTA,EQUISETOPSIDA,ASTERALES,ASTERACEAE,Sonchus,asper,Prickly Sowthistle,,Hand written via expert,2014-11-15,-37.7919,144.9572,"-37.7919, 144.9572"
Plant,PLANTAE,CHAROPHYTA,EQUISETOPSIDA,MALVALES,MALVACEAE,Brachychiton,rupestris,Queensland Bottle Tree,,Hand written via expert,2014-11-15,-37.7919,144.9572,"-37.7919, 144.9572"
Plant,PLANTAE,CHAROPHYTA,EQUISETOPSIDA,MYRTALES,MYRTACEAE,Eucalyptus,polyanthemos,Red Box,,Twitter,2014-11-14,-37.8061,144.9651,"-37.8061, 144.9651"
Plant,PLANTAE,CHAROPHYTA,EQUISETOPSIDA,MYRTALES,MYRTACEAE,Eucalyptus,tricarpa,Red Iron Bark,,Hand written expert,2014-11-15,-37.7919,144.9572,"-37.7919, 144.9572"
Plant,PLANTAE,CHAROPHYTA,EQUISETOPSIDA,LAMIALES,PLANTAGINACEAE,Plantago,lanceolata,Ribwort Plantain,,Hand written via expert,2014-11-15,-37.7919,144.9572,"-37.7919, 144.9572"
Plant,PLANTAE,CHAROPHYTA,EQUISETOPSIDA,PROTEALES,PROTEACEAE,Grevillea,robusta,Silky Oak,,Hand written via expert,2014-11-15,-37.7919,144.9572,"-37.7919, 144.9572"
Plant,PLANTAE,CHAROPHYTA,EQUISETOPSIDA,FAGALES,BETULACEAE,Betula,pendula,Silver Birch,,Hand written via expert,2014-11-14,-37.813,144.9805,"-37.813, 144.9805"
Plant,PLANTAE,CHAROPHYTA,EQUISETOPSIDA,PTERIDALES,PTERIDACEAE,Pityrogramma,calomelanos,Silver Fern,,Twitter,2014-11-14,-37.8061,144.9651,"-37.8061, 144.9651"
Plant,PLANTAE,CHAROPHYTA,EQUISETOPSIDA,POALES,CYPERACEAE,Cyperus,involucratus,Umbrella Sedge,,Hand written via expert,2014-11-14,-37.813,144.9805,"-37.813, 144.9805"
Plant,PLANTAE,CHAROPHYTA,EQUISETOPSIDA,DIPSACALES,ADOXACEAE,Viburnum,tinus,Viburnum,Laurustinus,Hand written via expert,2014-11-14,-37.7911,144.924,"-37.7911, 144.924"
Plant,PLANTAE,CHAROPHYTA,EQUISETOPSIDA,ASTERALES,ASTERACEAE,Microseris,lanceolata,Yam Daisy,,Hand written expert,2014-11-15,-37.7919,144.9572,"-37.7919, 144.9572"
Plant,PLANTAE,CHAROPHYTA,EQUISETOPSIDA,MYRTALES,MYRTACEAE,Eucalyptus,melliodora,Yellow Box,,Hand written via expert,2014-11-15,-37.7919,144.9572,"-37.7919, 144.9572"
Plant,PLANTAE,CHAROPHYTA,EQUISETOPSIDA,ASPARAGALES,IRIDACEAE,Dietes,bicolor,Yellow Wild Iris,,Twitter,2014-11-14,-37.8061,144.9651,"-37.8061, 144.9651"
Bird,ANIMALIA,CHORDATA,AVES,PASSERIFORMES,ARTAMIDAE,Cracticus,tibicen,Australian Magpie,Also known as Gymnorhina tibicen,Hand written expert,2014-11-14,-37.813,144.9805,"-37.813, 144.9805"
Bird,ANIMALIA,CHORDATA,AVES,PASSERIFORMES,ARTAMIDAE,Cracticus,tibicen,Australian Magpie,Also known as Gymnorhina tibicen,Hand written citizen expert,2014-11-08,-37.8311,144.9105,"-37.8311, 144.9105"
Bird,ANIMALIA,CHORDATA,AVES,PASSERIFORMES,ARTAMIDAE,Cracticus,tibicen,Australian Magpie,Also known as Gymnorhina tibicen,Hand written via expert,2014-11-15,-37.7833,144.9441,"-37.7833, 144.9441"
Bird,ANIMALIA,CHORDATA,AVES,CICONIIFORMES,THRESKIORNITHIDAE,Threskiornis,molucca,Australian White Ibis,,Participate,2014-11-14,-37.7823,144.9429,"-37.7823, 144.9429"
Bird,ANIMALIA,CHORDATA,AVES,CHARADRIIFORMES,RECURVIROSTRIDAE,Himantopus,himantopus,Black-winged Stilt,,Participate,2014-11-15,-37.8316,144.9082,"-37.8316, 144.9082"
Bird,ANIMALIA,CHORDATA,AVES,PASSERIFORMES,ACANTHIZIDAE,Acanthiza,pusilla,Brown Thornbill,,Hand written expert,2014-11-14,-37.813,144.9805,"-37.813, 144.9805"
Bird,ANIMALIA,CHORDATA,AVES,PASSERIFORMES,TURDIDAE,Turdus,merula,Common Blackbird,,Hand written citizen expert,2014-11-15,-37.8311,144.9105,"-37.8311, 144.9105"
Bird,ANIMALIA,CHORDATA,AVES,PASSERIFORMES,STURNIDAE,Sturnus,tristis,"Common Myna, Indian Myna",Also known as Acridotheres tristis,Hand written citizen expert,2014-11-08,-37.8311,144.9105,"-37.8311, 144.9105"
Bird,ANIMALIA,CHORDATA,AVES,PASSERIFORMES,STURNIDAE,Sturnus,tristis,"Common Myna, Indian Myna",Also known as Acridotheres tristis,Participate,2014-11-14,-37.8017,144.9143,"-37.8017, 144.9143"
Bird,ANIMALIA,CHORDATA,AVES,PASSERIFORMES,STURNIDAE,Sturnus,vulgaris,Common Starling,,Hand written citizen expert,2014-11-05,-37.8311,144.9105,"-37.8311, 144.9105"
Bird,ANIMALIA,CHORDATA,AVES,GRUIFORMES,RALLIDAE,Gallinula,tenebrosa,Dusky Moorhen,,Participate,2014-11-14,-37.7822,144.9428,"-37.7822, 144.9428"
Bird,ANIMALIA,CHORDATA,AVES,ANSERIFORMES,ANATIDAE,Anas,gracilis,Grey Teal,,Hand written expert,2014-11-15,-37.8311,144.9105,"-37.8311, 144.9105"
Bird,ANIMALIA,CHORDATA,AVES,PASSERIFORMES,PASSERIDAE,Passer,domesticus,House Sparrow,,Participate,2014-11-03,-37.824,144.942,"-37.824, 144.942"
Bird,ANIMALIA,CHORDATA,AVES,PASSERIFORMES,PASSERIDAE,Passer,domesticus,House Sparrow,,Hand written via expert,2014-11-15,-37.7833,144.9441,"-37.7833, 144.9441"
Bird,ANIMALIA,CHORDATA,AVES,PASSERIFORMES,PASSERIDAE,Passer,domesticus,House Sparrow,,Hand written citizen expert,2014-11-14,-37.8311,144.9105,"-37.8311, 144.9105"
Bird,ANIMALIA,CHORDATA,AVES,PASSERIFORMES,MONARCHIDAE,Grallina,cyanoleuca,Magpie-lark,,Participate,2014-11-14,-37.795,144.9359,"-37.795, 144.9359"
Bird,ANIMALIA,CHORDATA,AVES,PASSERIFORMES,MELIPHAGIDAE,Manorina,melanocephala,Noisy Miner,,Hand written via expert,2014-11-15,-37.7833,144.9441,"-37.7833, 144.9441"
Bird,ANIMALIA,CHORDATA,AVES,PASSERIFORMES,ARTAMIDAE,Strepera,graculina,Pied Currawong,,Twitter,2014-11-17,-37.7833,144.9441,"-37.7833, 144.9441"
Bird,ANIMALIA,CHORDATA,AVES,GRUIFORMES,RALLIDAE,Porphyrio,porphyrio,Purple Swamphen,,Participate,2014-11-14,-37.7823,144.9425,"-37.7823, 144.9425"
Bird,ANIMALIA,CHORDATA,AVES,PSITTACIFORMES,PSITTACIDAE,Trichoglossus,haematodus,Rainbow Lorikeet,,Participate,2014-11-14,-37.802,144.9147,"-37.802, 144.9147"
Bird,ANIMALIA,CHORDATA,AVES,PSITTACIFORMES,PSITTACIDAE,Trichoglossus,haematodus,Rainbow Lorikeet,,Participate,2014-11-08,-37.7937,144.962,"-37.7937, 144.962"
Bird,ANIMALIA,CHORDATA,AVES,PSITTACIFORMES,PSITTACIDAE,Trichoglossus,haematodus,Rainbow Lorikeet,,Twitter,2014-11-01,-37.813,144.9805,"-37.813, 144.9805"
Bird,ANIMALIA,CHORDATA,AVES,PSITTACIFORMES,PSITTACIDAE,Trichoglossus,haematodus,Rainbow Lorikeet,,Hand written citizen expert,2014-10-31,-37.8311,144.9105,"-37.8311, 144.9105"
Bird,ANIMALIA,CHORDATA,AVES,PASSERIFORMES,MELIPHAGIDAE,Anthochaera,carunculata,Red Wattlebird,,Participate,2014-11-05,-37.8293,144.9759,"-37.8293, 144.9759"
Bird,ANIMALIA,CHORDATA,AVES,COLUMBIFORMES,COLUMBIDAE,Columba,livia,"Rock Dove, Feral Pigeon",,Participate,2014-11-06,-37.8063,144.9227,"-37.8063, 144.9227"
Bird,ANIMALIA,CHORDATA,AVES,COLUMBIFORMES,COLUMBIDAE,Columba,livia,"Rock Dove, Feral Pigeon",,Hand written citizen expert,2014-11-05,-37.8311,144.9105,"-37.8311, 144.9105"
Bird,ANIMALIA,CHORDATA,AVES,CHARADRIIFORMES,LARIDAE,Chroicocephalus,novaehollandiae,Silver Gull,,Participate,2014-11-03,-37.8158,144.9394,"-37.8158, 144.9394"
Bird,ANIMALIA,CHORDATA,AVES,CHARADRIIFORMES,LARIDAE,Chroicocephalus,novaehollandiae,Silver Gull,,Hand written citizen expert,2014-10-31,-37.8311,144.9105,"-37.8311, 144.9105"
Bird,ANIMALIA,CHORDATA,AVES,CHARADRIIFORMES,LARIDAE,Chroicocephalus,novaehollandiae,Silver Gull,,Participate,2014-11-15,-37.8311,144.9078,"-37.8311, 144.9078"
Bird,ANIMALIA,CHORDATA,AVES,COLUMBIFORMES,COLUMBIDAE,Streptopelia,chinensis,Spotted Dove,,Participate,2014-11-14,-37.8032,144.9283,"-37.8032, 144.9283"
Bird,ANIMALIA,CHORDATA,AVES,CAPRIMULGIFORMES,PODARGIDAE,Podargus,strigoides,Tawny Frogmouth,,Hand written not expert,2014-11-03,-37.7878,144.9432,"-37.7878, 144.9432"
Bird,ANIMALIA,CHORDATA,AVES,PASSERIFORMES,HIRUNDINIDAE,Hirundo,neoxena,Welcome Swallow,,Participate,2014-11-10,-37.8301,144.9065,"-37.8301, 144.9065"
Bird,ANIMALIA,CHORDATA,AVES,PASSERIFORMES,HIRUNDINIDAE,Hirundo,neoxena,Welcome Swallow,,Hand written citizen expert,2014-11-14,-37.8311,144.9105,"-37.8311, 144.9105"
Bird,ANIMALIA,CHORDATA,AVES,PASSERIFORMES,HIRUNDINIDAE,Hirundo,neoxena,Welcome Swallow,,Hand written via expert,2014-11-15,-37.7833,144.9441,"-37.7833, 144.9441"
Bird,ANIMALIA,CHORDATA,AVES,PASSERIFORMES,MELIPHAGIDAE,Lichenostomus,penicillatus,White Plumed Honeyeater,,Twitter,2014-11-17,-37.7919,144.9572,"-37.7919, 144.9572"
Bird,ANIMALIA,CHORDATA,AVES,PASSERIFORMES,RHIPIDURIDAE,Rhipidura,leucophrys,Willie Wagtail,,Participate,2014-11-02,-37.7881,144.9529,"-37.7881, 144.9529"
Fish,ANIMALIA,CHORDATA,ACTINOPTERYGII,SCORPAENIFORMES,PLATYCEPHALIDAE,Platycephalus,bassensis,Sand Flathead,,Participate,2014-11-03,-37.8292,144.9007,"-37.8292, 144.9007"
Insect,ANIMALIA,ARTHROPODA,INSECTA,COLEOPTERA,CANTHARIDAE,Chauliognathus,lugubris,"Plague Soldier Beetle, Green Soldier Beetle",,Twitter,,,,
Insect,ANIMALIA,ARTHROPODA,INSECTA,DIPTERA,MUSCIDAE,Musca,domestica,House Fly,,Participate,,-37.8293,144.9759,"-37.8293, 144.9759"
Insect,ANIMALIA,ARTHROPODA,INSECTA,LEPIDOPTERA,PIERIDAE,Pieris,rapae,Cabbage White Butterfly,,Participate,,-37.8169,144.9818,"-37.8169, 144.9818"
Insect,ANIMALIA,ARTHROPODA,INSECTA,LEPIDOPTERA,NYMPHALIDAE,Vanessa,kershawi,Australian Painted Lady,,Hand written expert,,-37.7919,144.9572,"-37.7919, 144.9572"
Insect,ANIMALIA,ARTHROPODA,INSECTA,LEPIDOPTERA,LYCAENIDAE,Zizina,otis,"Common Grass Blue, Grass Blue",Subspecies Zizina otis labradus,Hand written expert,,-37.813,144.9805,"-37.813, 144.9805"
Insect,ANIMALIA,ARTHROPODA,INSECTA,LEPIDOPTERA,GEOMETRIDAE,,,,,Participate,,-37.7952,144.9647,"-37.7952, 144.9647"
Mammal,ANIMALIA,CHORDATA,MAMMALIA,CHIROPTERA,MOLOSSIDAE,Austronomous,australis,White-striped Freetail Bat,,Hand written expert,,-37.7919,144.9572,"-37.7919, 144.9572"
Plant,PLANTAE,CHAROPHYTA,EQUISETOPSIDA,ASPARAGALES,ASPARAGACEAE,Agave,americana,"American Agave, Century Plant",Variegata',Hand written via expert,2014-11-14,-37.813,144.9805,"-37.813, 144.9805"
Plant,PLANTAE,CHAROPHYTA,EQUISETOPSIDA,ALISMATALES,ARACEAE,Zantedeschia,aethiopica,Arum Lily,,Hand written via expert,2014-11-16,-37.813,144.9805,"-37.813, 144.9805"
Plant,PLANTAE,CHAROPHYTA,EQUISETOPSIDA,ASTERALES,ASTERACEAE,Bellis,perennis,English Daisy,,Participate,2014-11-05,-37.8293,144.9759,"-37.8293, 144.9759"
Plant,PLANTAE,CHAROPHYTA,EQUISETOPSIDA,FABALES,FABACEAE,Acacia,mearnsii,Black Wattle,,Hand written expert,2014-11-15,-37.7919,144.9572,"-37.7919, 144.9572"
Plant,PLANTAE,CHAROPHYTA,EQUISETOPSIDA,ROSALES,ROSACEAE,Rubus,fruticosus,Blackberry,,Participate,2014-11-14,-37.8022,144.9155,"-37.8022, 144.9155"
Plant,PLANTAE,CHAROPHYTA,EQUISETOPSIDA,ARECALES,ARECACEAE,Phoenix,canariensis,Canary Island Date Palm,,Hand written via expert,2014-11-16,-37.813,144.9805,"-37.813, 144.9805"
Plant,PLANTAE,CHAROPHYTA,EQUISETOPSIDA,ZINGIBERALES,CANNACEAE,Canna,indica,Canna Lily,,Hand written via expert,2014-11-16,-37.813,144.9805,"-37.813, 144.9805"
Plant,PLANTAE,CHAROPHYTA,EQUISETOPSIDA,ASPARAGALES,ASPARAGACEAE,Asparagus,africanus,Climbing Asparagus Fern,,Hand written via expert,2014-11-16,-37.813,144.9805,"-37.813, 144.9805"
Plant,PLANTAE,CHAROPHYTA,EQUISETOPSIDA,ASTERALES,ASTERACEAE,Chrysocephalum,semipapposum,Clustered Everlasting,,Hand written via expert,2014-11-15,-37.7919,144.9572,"-37.7919, 144.9572"
Plant,PLANTAE,CHAROPHYTA,EQUISETOPSIDA,ERICALES,THEACEAE,Camellia,japonica,Common Camellia,,Hand written via expert,2014-11-14,-37.813,144.9805,"-37.813, 144.9805"
Plant,PLANTAE,CHAROPHYTA,EQUISETOPSIDA,LAMIALES,LAMIACEAE,Santolina,chamaecyparissus,Cotton Lavender,,Hand written via expert,2014-11-14,-37.7911,144.924,"-37.7911, 144.924"
Plant,PLANTAE,CHAROPHYTA,EQUISETOPSIDA,ARECALES,ARECACEAE,Phoenix,roebelenii,Dwarf Date Palm,,Hand written via expert,2014-11-14,-37.813,144.9805,"-37.813, 144.9805"
Plant,PLANTAE,CHAROPHYTA,EQUISETOPSIDA,POALES,POACEAE,Pleioblastus,variegatus,Dwarf White-stripe Bamboo,,Hand written via expert,2014-11-14,-37.813,144.9805,"-37.813, 144.9805"
Plant,PLANTAE,TRACHEOPHYTA,MAGNOLIOPSIDA,BUXALES,BUXACEAE,Buxus,sempervirens,English Box,,Hand written via expert,2014-11-14,-37.813,144.9805,"-37.813, 144.9805"
Plant,PLANTAE,CHAROPHYTA,EQUISETOPSIDA,LAMIALES,LAMIACEAE,Lavandula,angustifolia,English Lavender,,Hand written via expert,2014-11-14,-37.7911,144.924,"-37.7911, 144.924"
Plant,PLANTAE,CHAROPHYTA,EQUISETOPSIDA,ASPARAGALES,IRIDACEAE,Dietes,iridoides,Fortnight Lily,,Hand written via expert,2014-11-14,-37.7911,144.924,"-37.7911, 144.924"
Plant,PLANTAE,CHAROPHYTA,EQUISETOPSIDA,FABALES,FABACEAE,Acacia,acinacea,Gold-dust Wattle,,Hand written via expert,2014-11-15,-37.7919,144.9572,"-37.7919, 144.9572"
Plant,PLANTAE,CHAROPHYTA,EQUISETOPSIDA,MYRTALES,MYRTACEAE,Melaleuca,incana,Grey Honey Myrtle,,Hand written via expert,2014-11-15,-37.7919,144.9572,"-37.7919, 144.9572"
Plant,PLANTAE,CHAROPHYTA,EQUISETOPSIDA,SAPINDALES,SAPINDACEAE,Acer,palmatum,Japanese Maple,,Hand written via expert,2014-11-16,-37.813,144.9805,"-37.813, 144.9805"
Plant,PLANTAE,CHAROPHYTA,EQUISETOPSIDA,SOLANALES,SOLANACEAE,Solanum,aviculare,Kangaroo Apple,,Twitter,2014-11-14,-37.8061,144.9651,"-37.8061, 144.9651"
Plant,PLANTAE,CHAROPHYTA,EQUISETOPSIDA,FABALES,FABACEAE,Acacia,paradoxa,Kangaroo Thorn,,Hand written expert,2014-11-15,-37.7919,144.9572,"-37.7919, 144.9572"
Plant,PLANTAE,CHAROPHYTA,EQUISETOPSIDA,SAPINDALES,RUTACEAE,Philotheca,myoporoides,Long-leaf Waxflower,,Hand written via expert,2014-11-15,-37.7919,144.9572,"-37.7919, 144.9572"
Plant,PLANTAE,CHAROPHYTA,EQUISETOPSIDA,SAPINDALES,RUTACEAE,Choisya,ternata,Mexican Orange Blossom,,Hand written via expert,2014-11-14,-37.813,144.9805,"-37.813, 144.9805"
Plant,PLANTAE,CHAROPHYTA,EQUISETOPSIDA,CARYOPHYLLALES,AMARANTHACEAE,Einadia,nutens,Nodding Saltbush,,Hand written via expert,2014-11-15,-37.7919,144.9572,"-37.7919, 144.9572"
Plant,PLANTAE,CHAROPHYTA,EQUISETOPSIDA,POALES,CYPERACEAE,Carex,testacea,"Orange Sedge, New Zealand Hair Sedge",,Twitter,2014-11-14,-37.8061,144.9651,"-37.8061, 144.9651"
Plant,PLANTAE,CHAROPHYTA,EQUISETOPSIDA,POALES,CYPERACEAE,Cyperus,papyrus,Papyrus Sedge,,Twitter,2014-11-14,-37.8061,144.9651,"-37.8061, 144.9651"
Plant,PLANTAE,CHAROPHYTA,EQUISETOPSIDA,ASPARAGALES,ASPARAGACEAE,Arthropodium,cirratum,"Renga Lily, New Zealand Rock Lily",,Hand written via expert,2014-11-14,-37.813,144.9805,"-37.813, 144.9805"
Plant,PLANTAE,CHAROPHYTA,EQUISETOPSIDA,MYRTALES,MYRTACEAE,Eucalyptus,camaldulensis,River Red Gum,,Participate,2014-11-14,-37.8043,144.941,"-37.8043, 144.941"
Plant,PLANTAE,CHAROPHYTA,EQUISETOPSIDA,MYRTALES,MYRTACEAE,Eucalyptus,camaldulensis,River Red Gum,,Participate,2014-11-13,-37.8397,144.9806,"-37.8397, 144.9806"
Plant,PLANTAE,CHAROPHYTA,EQUISETOPSIDA,PROTEALES,PROTEACEAE,Grevillea,rosmarinifolia,Rosemary Grevillea,,Hand written via expert,2014-11-14,-37.7911,144.924,"-37.7911, 144.924"
Plant,PLANTAE,CHAROPHYTA,EQUISETOPSIDA,ARECALES,ARECACEAE,Phoenix,reclinata,Senegal Date Palm,,Hand written via expert,2014-11-16,-37.813,144.9805,"-37.813, 144.9805"
Plant,PLANTAE,CHAROPHYTA,EQUISETOPSIDA,POALES,POACEAE,Rytidosperma,setaceum,Small-flowered Wallaby Grass,,Hand written expert,2014-11-15,-37.7919,144.9572,"-37.7919, 144.9572"
Plant,PLANTAE,CHAROPHYTA,EQUISETOPSIDA,ASPARAGALES,HEMEROCALLIDACEAE,Dianella,longifolia,Smooth Flax-lily,,Hand written via expert,2014-11-15,-37.7919,144.9572,"-37.7919, 144.9572"
Plant,PLANTAE,CHAROPHYTA,EQUISETOPSIDA,ASPARAGALES,ASPARAGACEAE,Chlorophytum,comosum,Spider Plant,,Hand written via expert,2014-11-16,-37.813,144.9805,"-37.813, 144.9805"
Plant,PLANTAE,CHAROPHYTA,EQUISETOPSIDA,ASPARAGALES,HEMEROCALLIDACEAE,Dianella,admixta,Spreading Flax-lily,,Hand written expert,2014-11-15,-37.7919,144.9572,"-37.7919, 144.9572"
Plant,PLANTAE,CHAROPHYTA,EQUISETOPSIDA,APIALES,PITTOSPORACEAE,Bursaria,spinosa,Sweet Bursaria,,Hand written via expert,2014-11-15,-37.7919,144.9572,"-37.7919, 144.9572"
Plant,PLANTAE,CHAROPHYTA,EQUISETOPSIDA,MALPIGHIALES,VIOLACEAE,Melicytus,dentatus,Tree Violet,,Hand written expert,2014-11-15,-37.7919,144.9572,"-37.7919, 144.9572"
Plant,PLANTAE,CHAROPHYTA,EQUISETOPSIDA,POALES,POACEAE,Danthonia,setacea,Wallaby Grass,,Hand written via expert,2014-11-15,-37.7833,144.9441,"-37.7833, 144.9441"
Plant,PLANTAE,CHAROPHYTA,EQUISETOPSIDA,ZINGIBERALES,STRELITZIACEAE,Strelitzia,nicolai,White Bird of Paradise,,Hand written via expert,2014-11-14,-37.813,144.9805,"-37.813, 144.9805"
Plant,PLANTAE,CHAROPHYTA,EQUISETOPSIDA,APIALES,ARALIACEAE,Tetrapanax,,,Rice-paper Plant,Hand written via expert,2014-11-14,-37.813,144.9805,"-37.813, 144.9805"
Amphibian,ANIMALIA,CHORDATA,AMPHIBIA,ANURA,MYOBATRACHIDAE,Limnodynastes,dumerilii,"Eastern Banjo Frog, Pobblebonk",,Participate,2014-11-15,-37.833,144.9801,"-37.833, 144.9801"
Bird,ANIMALIA,CHORDATA,AVES,PASSERIFORMES,ARTAMIDAE,Cracticus,tibicen,Australian Magpie,Also known as Gymnorhina tibicen,Hand written citizen expert,2014-11-06,-37.8311,144.9105,"-37.8311, 144.9105"
Bird,ANIMALIA,CHORDATA,AVES,ANSERIFORMES,ANATIDAE,Cygnus,atratus,Black Swan,,Hand written expert,2014-11-15,-37.8311,144.9105,"-37.8311, 144.9105"
Bird,ANIMALIA,CHORDATA,AVES,ANSERIFORMES,ANATIDAE,Anas,castanea,Chestnut Teal,,Participate,2014-11-14,-37.7894,144.9371,"-37.7894, 144.9371"
Bird,ANIMALIA,CHORDATA,AVES,PASSERIFORMES,ACROCEPHALIDAE,Acrocephalus,stentoreus,Clamorous Reed Warbler,,Hand written via expert,2014-11-15,-37.7833,144.9441,"-37.7833, 144.9441"
Bird,ANIMALIA,CHORDATA,AVES,PASSERIFORMES,STURNIDAE,Sturnus,tristis,"Common Myna, Indian Myna",Also known as Acridotheres tristis,Hand written expert,2014-11-14,-37.813,144.9805,"-37.813, 144.9805"
Bird,ANIMALIA,CHORDATA,AVES,COLUMBIFORMES,COLUMBIDAE,Ocyphaps,lophotes,Crested Pigeon,,Hand written via expert,2014-11-16,-37.7833,144.9441,"-37.7833, 144.9441"
Bird,ANIMALIA,CHORDATA,AVES,GRUIFORMES,RALLIDAE,Fulica,atra,"Eurasian Coot, Coot",,Instagram,2014-11-15,-37.7919,144.9572,"-37.7919, 144.9572"
Bird,ANIMALIA,CHORDATA,AVES,PASSERIFORMES,PACHYCEPHALIDAE,Colluricincla,harmonica,Grey Shrike-thrush,,Hand written via expert,2014-11-15,-37.7833,144.9441,"-37.7833, 144.9441"
Bird,ANIMALIA,CHORDATA,AVES,PASSERIFORMES,CORVIDAE,Corvus,mellori,Little Raven,,Hand written citizen expert,2014-11-05,-37.8311,144.9105,"-37.8311, 144.9105"
Bird,ANIMALIA,CHORDATA,AVES,PASSERIFORMES,MONARCHIDAE,Grallina,cyanoleuca,Magpie-lark,,Hand written citizen expert,2014-11-02,-37.8311,144.9105,"-37.8311, 144.9105"
Bird,ANIMALIA,CHORDATA,AVES,PSITTACIFORMES,PSITTACIDAE,Trichoglossus,haematodus,Rainbow Lorikeet,,Hand written expert,2014-11-14,-37.813,144.9805,"-37.813, 144.9805"
Bird,ANIMALIA,CHORDATA,AVES,CHARADRIIFORMES,CHARADRIIDAE,Erythrogonys,cinctus,Red-kneed Dotterel,,Participate,2014-11-15,-37.7875,144.9153,"-37.7875, 144.9153"
Bird,ANIMALIA,CHORDATA,AVES,COLUMBIFORMES,COLUMBIDAE,Columba,livia,"Rock Dove, Feral Pigeon",,Participate,2014-11-08,-37.8457,144.9792,"-37.8457, 144.9792"
Bird,ANIMALIA,CHORDATA,AVES,CHARADRIIFORMES,LARIDAE,Chroicocephalus,novaehollandiae,Silver Gull,,Hand written citizen expert,2014-11-02,-37.8311,144.9105,"-37.8311, 144.9105"
Bird,ANIMALIA,CHORDATA,AVES,PASSERIFORMES,PARDALOTIDAE,Pardalotus,punctatus,Spotted Pardalote,,Twitter,2014-11-17,-37.7833,144.9441,"-37.7833, 144.9441"
Bird,ANIMALIA,CHORDATA,AVES,PASSERIFORMES,HIRUNDINIDAE,Hirundo,neoxena,Welcome Swallow,,Hand written not expert,2014-11-06,-37.7826,144.9434,"-37.7826, 144.9434"
Bird,ANIMALIA,CHORDATA,AVES,PASSERIFORMES,RHIPIDURIDAE,Rhipidura,leucophrys,Willie Wagtail,,Participate,2014-11-14,-37.7822,144.9424,"-37.7822, 144.9424"
Crustacean,ANIMALIA,ARTHROPODA,MALACOSTRACA,AMPHIPODA,TALITRIDAE,Arcitalitrus,sylvaticus,Lawn Prawn,,Participate,2014-10-31,-37.813,144.9802,"-37.813, 144.9802"
Fish,ANIMALIA,CHORDATA,ACTINOPTERYGII,TETRADONTIFORMES,TETRADONTIDAE,Tetractenos,glaber,Smooth Toadfish,,Participate,2014-11-03,-37.8292,144.9007,"-37.8292, 144.9007"
Insect,ANIMALIA,ARTHROPODA,INSECTA,DIPTERA,CALLIPHORIDAE,Calliphora,augur,"Lesser Brown Blowfly, Blue-bodied Blowfly",,Participate,,-37.8293,144.9759,"-37.8293, 144.9759"
Insect,ANIMALIA,ARTHROPODA,INSECTA,LEPIDOPTERA,NYMPHALIDAE,Heteronympha,merope,Common Brown,,Participate,,-37.7915,144.9624,"-37.7915, 144.9624"
Insect,ANIMALIA,ARTHROPODA,INSECTA,HYMENOPTERA,HALICTIDAE,Lasioglossum,,,Halictid Bee,Instagram,,-37.8141,144.9747,"-37.8141, 144.9747"
Insect,ANIMALIA,ARTHROPODA,INSECTA,HEMIPTERA,NABIDAE,Nabis,,,Damsel Bug,Hand written expert,,-37.7914,144.9566,"-37.7914, 144.9566"
Plant,PLANTAE,CHAROPHYTA,EQUISETOPSIDA,ASPARAGALES,ASPARAGACEAE,Asparagus,meyeri,Asparagus Fern,,Twitter,2014-11-14,-37.8061,144.9651,"-37.8061, 144.9651"
Plant,PLANTAE,CHAROPHYTA,EQUISETOPSIDA,ARECALES,ARECACEAE,Phoenix,canariensis,Canary Island Date Palm,,Hand written via expert,2014-11-14,-37.813,144.9805,"-37.813, 144.9805"
Plant,PLANTAE,CHAROPHYTA,EQUISETOPSIDA,ASTERALES,ASTERACEAE,Arctotheca,calendula,Capeweed,,Participate,2014-11-03,-37.8292,144.9007,"-37.8292, 144.9007"
Plant,PLANTAE,CHAROPHYTA,EQUISETOPSIDA,ARECALES,ARECACEAE,Jubaea,chilensis,Chilean Wine Palm,,Hand written via expert,2014-11-14,-37.813,144.9805,"-37.813, 144.9805"
Plant,PLANTAE,CHAROPHYTA,EQUISETOPSIDA,LAMIALES,OLEACEAE,Olea,europaea,Common Olive,,Hand written via expert,2014-11-16,-37.813,144.9805,"-37.813, 144.9805"
Plant,PLANTAE,CHAROPHYTA,EQUISETOPSIDA,LAMIALES,LAMIACEAE,Thymus,vulgaris,Common Thyme,,Hand written via expert,2014-11-14,-37.7911,144.924,"-37.7911, 144.924"
Plant,PLANTAE,CHAROPHYTA,EQUISETOPSIDA,MYRTALES,LYTHRACEAE,Lagerstroemia,indica,Crepe Myrtle,,Hand written via expert,2014-11-14,-37.813,144.9805,"-37.813, 144.9805"
Bacteria,BACTERIA,PROTEOBACTERIA,GAMMAPROTEOBACTERIA,,,Pectobacterium,carotovorum,Slime Flux,,Participate,2014-10-31,-37.7226,144.9521,"-37.7226, 144.9521"
Plant,PLANTAE,CHAROPHYTA,EQUISETOPSIDA,APIALES,APIACEAE,Foeniculum,vulgare,Fennel,,Participate,2014-11-15,-37.8341,144.9058,"-37.8341, 144.9058"
Plant,PLANTAE,CHAROPHYTA,EQUISETOPSIDA,FABALES,FABACEAE,Acacia,iteaphylla,Flinders Range Wattle,,Hand written via expert,2014-11-14,-37.7911,144.924,"-37.7911, 144.924"
Plant,PLANTAE,CHAROPHYTA,EQUISETOPSIDA,CARYOPHYLLALES,AMARANTHACEAE,Rhagodia,spinescens,Salt Bush,,Hand written via expert,2014-11-14,-37.7911,144.924,"-37.7911, 144.924"
Plant,PLANTAE,CHAROPHYTA,EQUISETOPSIDA,MYRTALES,MYRTACEAE,Corymbia,maculata,Spotted Gum,,Hand written expert,2014-11-15,-37.7914,144.9566,"-37.7914, 144.9566"
Plant,PLANTAE,CHAROPHYTA,EQUISETOPSIDA,ASTERALES,ASTERACEAE,Erigenon,karvinkianum,,,Hand written via expert,2014-11-14,-37.7911,144.924,"-37.7911, 144.924"
Reptile,ANIMALIA,CHORDATA,REPTILIA,SQUAMATA,GEKKONIDAE,Christinus,marmoratus,Marbled Gecko,,Handwritten non expert,2014-10-24,-37.7878,144.9423,"-37.7878, 144.9423"
Bird,ANIMALIA,CHORDATA,AVES,CICONIIFORMES,THRESKIORNITHIDAE,Threskiornis,molucca,Australian White Ibis,,Hand written via expert,2014-11-15,-37.7833,144.9441,"-37.7833, 144.9441"
Bird,ANIMALIA,CHORDATA,AVES,PASSERIFORMES,TURDIDAE,Turdus,merula,Common Blackbird,,Hand written citizen expert,2014-11-05,-37.8311,144.9105,"-37.8311, 144.9105"
Bird,ANIMALIA,CHORDATA,AVES,PASSERIFORMES,STURNIDAE,Sturnus,tristis,"Common Myna, Indian Myna",Also known as Acridotheres tristis,Participate,2014-11-08,-37.8458,144.9793,"-37.8458, 144.9793"
Bird,ANIMALIA,CHORDATA,AVES,PASSERIFORMES,STURNIDAE,Sturnus,tristis,"Common Myna, Indian Myna",Also known as Acridotheres tristis,Hand written citizen expert,2014-11-15,-37.8311,144.9105,"-37.8311, 144.9105"
Bird,ANIMALIA,CHORDATA,AVES,PASSERIFORMES,STURNIDAE,Sturnus,tristis,"Common Myna, Indian Myna",Also known as Acridotheres tristis,Hand written via expert,2014-11-14,-37.7911,144.924,"-37.7911, 144.924"
Bird,ANIMALIA,CHORDATA,AVES,PASSERIFORMES,MELIPHAGIDAE,Acanthorhynchus,tenuirostris,Eastern Spinebill,,Hand written expert,2014-11-14,-37.813,144.9805,"-37.813, 144.9805"
Bird,ANIMALIA,CHORDATA,AVES,PASSERIFORMES,CORVIDAE,Corvus,mellori,Little Raven,,Hand written citizen expert,2014-11-06,-37.8311,144.9105,"-37.8311, 144.9105"
Bird,ANIMALIA,CHORDATA,AVES,ANSERIFORMES,ANATIDAE,Anas,superciliosa,"Pacific Black Duck, Black Duck",,Hand written expert,2014-11-14,-37.813,144.9805,"-37.813, 144.9805"
Bird,ANIMALIA,CHORDATA,AVES,PASSERIFORMES,ARTAMIDAE,Strepera,graculina,Pied Currawong,,Hand written expert,2014-11-14,-37.813,144.9805,"-37.813, 144.9805"
Bird,ANIMALIA,CHORDATA,AVES,GRUIFORMES,RALLIDAE,Porphyrio,porphyrio,Purple Swamphen,,Twitter,2014-11-17,-37.7833,144.9441,"-37.7833, 144.9441"
Bird,ANIMALIA,CHORDATA,AVES,PASSERIFORMES,MELIPHAGIDAE,Anthochaera,carunculata,Red Wattlebird,,Hand written expert,2014-11-14,-37.813,144.9805,"-37.813, 144.9805"
Bird,ANIMALIA,CHORDATA,AVES,COLUMBIFORMES,COLUMBIDAE,Columba,livia,"Rock Dove, Feral Pigeon",,Hand written citizen expert,2014-10-31,-37.8311,144.9105,"-37.8311, 144.9105"
Bird,ANIMALIA,CHORDATA,AVES,COLUMBIFORMES,COLUMBIDAE,Streptopelia,chinensis,Spotted Dove,,Hand written expert,2014-11-14,-37.813,144.9805,"-37.813, 144.9805"
Fungi,FUNGI,BASIDIOMYCOTA,AGARICOMYCETES,AGARICALES,STROPHARIACEAE,Agrocybe,praecox,,,Participate,2014-10-31,-37.8161,144.9805,"-37.8161, 144.9805"
Insect,ANIMALIA,ARTHROPODA,INSECTA,HYMENOPTERA,APIDAE,Apis,mellifera,European Honey Bee,,Hand written expert,,-37.7919,144.9572,"-37.7919, 144.9572"
Insect,ANIMALIA,ARTHROPODA,INSECTA,HYMENOPTERA,APIDAE,Apis,mellifera,European Honey Bee,,Participate,,-37.7871,144.9097,"-37.7871, 144.9097"
Insect,ANIMALIA,ARTHROPODA,INSECTA,LEPIDOPTERA,PIERIDAE,Belenois,java,Caper White,,Participate,,-37.7825,144.942,"-37.7825, 144.942"
Insect,ANIMALIA,ARTHROPODA,INSECTA,LEPIDOPTERA,NYMPHALIDAE,Vanessa,kershawi,Australian Painted Lady,,Participate,,-37.8471,144.9803,"-37.8471, 144.9803"
Mammal,ANIMALIA,CHORDATA,MAMMALIA,CARNIVORA,FELIDAE,Felis,catus,Cat,,Handwritten,2014-11-14,-37.8311,144.9105,"-37.8311, 144.9105"
Plant,PLANTAE,CHAROPHYTA,EQUISETOPSIDA,ASPARAGALES,AMARYLLIDACEAE,Agapanthus,praecox,"Common Agapanthus, African Lily",,Hand written via expert,2014-11-14,-37.813,144.9805,"-37.813, 144.9805"
Plant,PLANTAE,CHAROPHYTA,EQUISETOPSIDA,ASTERALES,ASTERACEAE,Sonchus,oleraceus,Common Sowthistle,,Hand written via expert,2014-11-16,-37.813,144.9805,"-37.813, 144.9805"
Plant,PLANTAE,CHAROPHYTA,EQUISETOPSIDA,ASTERALES,ASTERACEAE,Cassinia,arcuata,Drooping Cassinia,,Hand written via expert,2014-11-15,-37.7919,144.9572,"-37.7919, 144.9572"
Plant,PLANTAE,CHAROPHYTA,EQUISETOPSIDA,ASTERALES,ASTERACEAE,Ozothamnus,obcordatus,Grey Everlasting,,Hand written via expert,2014-11-15,-37.7919,144.9572,"-37.7919, 144.9572"
Plant,PLANTAE,CHAROPHYTA,EQUISETOPSIDA,POALES,POACEAE,Pennisetum,clandestinum,Kikuyu,,Hand written via expert,2014-11-14,-37.7911,144.924,"-37.7911, 144.924"
Plant,PLANTAE,CHAROPHYTA,EQUISETOPSIDA,MALPIGHIALES,SALICACEAE,Populus,nigra,Lombardy Poplar,,Hand written via expert,2014-11-16,-37.813,144.9805,"-37.813, 144.9805"
Plant,PLANTAE,CHAROPHYTA,EQUISETOPSIDA,MYRTALES,MYRTACEAE,Eucalyptus,sideroxylon,Mugga Iron Bark,,Hand written via expert,2014-11-15,-37.7919,144.9572,"-37.7919, 144.9572"
Plant,PLANTAE,CHAROPHYTA,EQUISETOPSIDA,MYRTALES,MYRTACEAE,Melaleuca,nesophila,Showy Honey Myrtle,,Hand written via expert,2014-11-15,-37.7919,144.9572,"-37.7919, 144.9572"
Plant,PLANTAE,CHAROPHYTA,EQUISETOPSIDA,FABALES,FABACEAE,Acacia,pendula,Weeping Myall,,Hand written via expert,2014-11-15,-37.7833,144.9441,"-37.7833, 144.9441"